alert_id,expected_verdict,category,source
java:java/path-injection:1,true_positive,pathtraver,owasp-benchmark-java
java:java/path-injection:2,true_positive,pathtraver,owasp-benchmark-java
java:java/path-injection:3,true_positive,pathtraver,owasp-benchmark-java
java:java/path-injection:4,true_positive,pathtraver,owasp-benchmark-java
java:java/path-injection:5,true_positive,pathtraver,owasp-benchmark-java
java:java/path-injection:6,true_positive,pathtraver,owasp-benchmark-java
java:java/path-injection:7,true_positive,pathtraver,owasp-benchmark-java
java:java/path-injection:8,true_positive,pathtraver,owasp-benchmark-java
java:java/path-injection:9,true_positive,pathtraver,owasp-benchmark-java
java:java/path-injection:10,true_positive,pathtraver,owasp-benchmark-java
java:java/path-injection:11,false_positive,pathtraver,owasp-benchmark-java
java:java/path-injection:12,false_positive,pathtraver,owasp-benchmark-java
java:java/path-injection:13,true_positive,pathtraver,owasp-benchmark-java
java:java/path-injection:14,false_positive,pathtraver,owasp-benchmark-java
java:java/path-injection:15,false_positive,pathtraver,owasp-benchmark-java
java:java/path-injection:16,false_positive,pathtraver,owasp-benchmark-java
java:java/path-injection:17,false_positive,pathtraver,owasp-benchmark-java
java:java/path-injection:18,true_positive,pathtraver,owasp-benchmark-java
java:java/path-injection:19,true_positive,pathtraver,owasp-benchmark-java
java:java/path-injection:20,true_positive,pathtraver,owasp-benchmark-java
java:java/path-injection:21,true_positive,pathtraver,owasp-benchmark-java
java:java/path-injection:22,true_positive,pathtraver,owasp-benchmark-java
java:java/path-injection:23,true_positive,pathtraver,owasp-benchmark-java
java:java/path-injection:24,false_positive,pathtraver,owasp-benchmark-java
java:java/path-injection:25,true_positive,pathtraver,owasp-benchmark-java
java:java/path-injection:26,false_positive,pathtraver,owasp-benchmark-java
java:java/path-injection:27,true_positive,pathtraver,owasp-benchmark-java
java:java/path-injection:28,true_positive,pathtraver,owasp-benchmark-java
java:java/path-injection:29,false_positive,pathtraver,owasp-benchmark-java
java:java/path-injection:30,true_positive,pathtraver,owasp-benchmark-java
java:java/path-injection:31,true_positive,pathtraver,owasp-benchmark-java
java:java/path-injection:32,false_positive,pathtraver,owasp-benchmark-java
java:java/path-injection:33,false_positive,pathtraver,owasp-benchmark-java
java:java/path-injection:34,false_positive,pathtraver,owasp-benchmark-java
java:java/path-injection:35,true_positive,pathtraver,owasp-benchmark-java
java:java/path-injection:36,true_positive,pathtraver,owasp-benchmark-java
java:java/path-injection:37,true_positive,pathtraver,owasp-benchmark-java
java:java/path-injection:38,true_positive,pathtraver,owasp-benchmark-java
java:java/path-injection:39,true_positive,pathtraver,owasp-benchmark-java
java:java/path-injection:40,false_positive,pathtraver,owasp-benchmark-java
java:java/path-injection:41,true_positive,pathtraver,owasp-benchmark-java
java:java/path-injection:42,true_positive,pathtraver,owasp-benchmark-java
java:java/path-injection:43,true_positive,pathtraver,owasp-benchmark-java
java:java/path-injection:44,true_positive,pathtraver,owasp-benchmark-java
java:java/path-injection:45,true_positive,pathtraver,owasp-benchmark-java
java:java/path-injection:46,true_positive,pathtraver,owasp-benchmark-java
java:java/path-injection:47,true_positive,pathtraver,owasp-benchmark-java
java:java/path-injection:48,false_positive,pathtraver,owasp-benchmark-java
java:java/path-injection:49,false_positive,pathtraver,owasp-benchmark-java
java:java/path-injection:50,true_positive,pathtraver,owasp-benchmark-java
java:java/path-injection:51,true_positive,pathtraver,owasp-benchmark-java
java:java/path-injection:52,false_positive,pathtraver,owasp-benchmark-java
java:java/path-injection:53,true_positive,pathtraver,owasp-benchmark-java
java:java/path-injection:54,true_positive,pathtraver,owasp-benchmark-java
java:java/path-injection:55,true_positive,pathtraver,owasp-benchmark-java
java:java/path-injection:56,true_positive,pathtraver,owasp-benchmark-java
java:java/path-injection:57,true_positive,pathtraver,owasp-benchmark-java
java:java/path-injection:58,false_positive,pathtraver,owasp-benchmark-java
java:java/path-injection:59,true_positive,pathtraver,owasp-benchmark-java
java:java/path-injection:60,true_positive,pathtraver,owasp-benchmark-java
java:java/path-injection:61,false_positive,pathtraver,owasp-benchmark-java
java:java/path-injection:62,true_positive,pathtraver,owasp-benchmark-java
java:java/path-injection:63,false_positive,pathtraver,owasp-benchmark-java
java:java/path-injection:64,true_positive,pathtraver,owasp-benchmark-java
java:java/path-injection:65,true_positive,pathtraver,owasp-benchmark-java
java:java/path-injection:66,true_positive,pathtraver,owasp-benchmark-java
java:java/path-injection:67,true_positive,pathtraver,owasp-benchmark-java
java:java/path-injection:68,true_positive,pathtraver,owasp-benchmark-java
java:java/path-injection:69,true_positive,pathtraver,owasp-benchmark-java
java:java/path-injection:70,false_positive,pathtraver,owasp-benchmark-java
java:java/path-injection:71,true_positive,pathtraver,owasp-benchmark-java
java:java/path-injection:72,false_positive,pathtraver,owasp-benchmark-java
java:java/path-injection:73,false_positive,pathtraver,owasp-benchmark-java
java:java/path-injection:74,true_positive,pathtraver,owasp-benchmark-java
java:java/path-injection:75,false_positive,pathtraver,owasp-benchmark-java
java:java/path-injection:76,true_positive,pathtraver,owasp-benchmark-java
java:java/path-injection:77,false_positive,pathtraver,owasp-benchmark-java
java:java/path-injection:78,false_positive,pathtraver,owasp-benchmark-java
java:java/path-injection:79,true_positive,pathtraver,owasp-benchmark-java
java:java/path-injection:80,true_positive,pathtraver,owasp-benchmark-java
java:java/path-injection:81,true_positive,pathtraver,owasp-benchmark-java
java:java/path-injection:82,false_positive,pathtraver,owasp-benchmark-java
java:java/path-injection:83,false_positive,pathtraver,owasp-benchmark-java
java:java/path-injection:84,true_positive,pathtraver,owasp-benchmark-java
java:java/path-injection:85,true_positive,pathtraver,owasp-benchmark-java
java:java/path-injection:86,false_positive,pathtraver,owasp-benchmark-java
java:java/path-injection:87,true_positive,pathtraver,owasp-benchmark-java
java:java/path-injection:88,true_positive,pathtraver,owasp-benchmark-java
java:java/path-injection:89,false_positive,pathtraver,owasp-benchmark-java
java:java/path-injection:90,true_positive,pathtraver,owasp-benchmark-java
java:java/path-injection:91,true_positive,pathtraver,owasp-benchmark-java
java:java/path-injection:92,true_positive,pathtraver,owasp-benchmark-java
java:java/path-injection:93,false_positive,pathtraver,owasp-benchmark-java
java:java/path-injection:94,true_positive,pathtraver,owasp-benchmark-java
java:java/path-injection:95,true_positive,pathtraver,owasp-benchmark-java
java:java/path-injection:96,true_positive,pathtraver,owasp-benchmark-java
java:java/path-injection:97,false_positive,pathtraver,owasp-benchmark-java
java:java/path-injection:98,true_positive,pathtraver,owasp-benchmark-java
java:java/path-injection:99,true_positive,pathtraver,owasp-benchmark-java
java:java/path-injection:100,true_positive,pathtraver,owasp-benchmark-java
java:java/path-injection:101,true_positive,pathtraver,owasp-benchmark-java
java:java/path-injection:102,false_positive,pathtraver,owasp-benchmark-java
java:java/path-injection:103,false_positive,pathtraver,owasp-benchmark-java
java:java/path-injection:104,true_positive,pathtraver,owasp-benchmark-java
java:java/path-injection:105,true_positive,pathtraver,owasp-benchmark-java
java:java/path-injection:106,false_positive,pathtraver,owasp-benchmark-java
java:java/path-injection:107,true_positive,pathtraver,owasp-benchmark-java
java:java/path-injection:108,true_positive,pathtraver,owasp-benchmark-java
java:java/path-injection:109,false_positive,pathtraver,owasp-benchmark-java
java:java/path-injection:110,true_positive,pathtraver,owasp-benchmark-java
java:java/path-injection:111,false_positive,pathtraver,owasp-benchmark-java
java:java/path-injection:112,false_positive,pathtraver,owasp-benchmark-java
java:java/path-injection:113,true_positive,pathtraver,owasp-benchmark-java
java:java/path-injection:114,true_positive,pathtraver,owasp-benchmark-java
java:java/path-injection:115,true_positive,pathtraver,owasp-benchmark-java
java:java/path-injection:116,true_positive,pathtraver,owasp-benchmark-java
java:java/path-injection:117,true_positive,pathtraver,owasp-benchmark-java
java:java/path-injection:118,true_positive,pathtraver,owasp-benchmark-java
java:java/path-injection:119,true_positive,pathtraver,owasp-benchmark-java
java:java/path-injection:120,true_positive,pathtraver,owasp-benchmark-java
java:java/path-injection:121,false_positive,pathtraver,owasp-benchmark-java
java:java/path-injection:122,false_positive,pathtraver,owasp-benchmark-java
java:java/path-injection:123,true_positive,pathtraver,owasp-benchmark-java
java:java/path-injection:124,true_positive,pathtraver,owasp-benchmark-java
java:java/path-injection:125,true_positive,pathtraver,owasp-benchmark-java
java:java/path-injection:126,false_positive,pathtraver,owasp-benchmark-java
java:java/path-injection:127,true_positive,pathtraver,owasp-benchmark-java
java:java/path-injection:128,true_positive,pathtraver,owasp-benchmark-java
java:java/path-injection:129,false_positive,pathtraver,owasp-benchmark-java
java:java/path-injection:130,true_positive,pathtraver,owasp-benchmark-java
java:java/path-injection:131,true_positive,pathtraver,owasp-benchmark-java
java:java/path-injection:132,false_positive,pathtraver,owasp-benchmark-java
java:java/path-injection:133,true_positive,pathtraver,owasp-benchmark-java
java:java/path-injection:134,true_positive,pathtraver,owasp-benchmark-java
java:java/path-injection:135,true_positive,pathtraver,owasp-benchmark-java
java:java/path-injection:136,false_positive,pathtraver,owasp-benchmark-java
java:java/path-injection:137,true_positive,pathtraver,owasp-benchmark-java
java:java/path-injection:138,true_positive,pathtraver,owasp-benchmark-java
java:java/path-injection:139,true_positive,pathtraver,owasp-benchmark-java
java:java/path-injection:140,true_positive,pathtraver,owasp-benchmark-java
java:java/path-injection:141,false_positive,pathtraver,owasp-benchmark-java
java:java/path-injection:142,true_positive,pathtraver,owasp-benchmark-java
java:java/path-injection:143,false_positive,pathtraver,owasp-benchmark-java
java:java/path-injection:144,true_positive,pathtraver,owasp-benchmark-java
java:java/path-injection:145,true_positive,pathtraver,owasp-benchmark-java
java:java/path-injection:146,true_positive,pathtraver,owasp-benchmark-java
java:java/path-injection:147,false_positive,pathtraver,owasp-benchmark-java
java:java/path-injection:148,false_positive,pathtraver,owasp-benchmark-java
java:java/path-injection:149,true_positive,pathtraver,owasp-benchmark-java
java:java/path-injection:150,false_positive,pathtraver,owasp-benchmark-java
java:java/path-injection:151,false_positive,pathtraver,owasp-benchmark-java
java:java/path-injection:152,true_positive,pathtraver,owasp-benchmark-java
java:java/path-injection:153,false_positive,pathtraver,owasp-benchmark-java
java:java/path-injection:154,true_positive,pathtraver,owasp-benchmark-java
java:java/path-injection:155,true_positive,pathtraver,owasp-benchmark-java
java:java/path-injection:156,true_positive,pathtraver,owasp-benchmark-java
java:java/path-injection:157,false_positive,pathtraver,owasp-benchmark-java
java:java/path-injection:158,true_positive,pathtraver,owasp-benchmark-java
java:java/path-injection:159,false_positive,pathtraver,owasp-benchmark-java
java:java/path-injection:160,false_positive,pathtraver,owasp-benchmark-java
java:java/path-injection:161,true_positive,pathtraver,owasp-benchmark-java
java:java/path-injection:162,true_positive,pathtraver,owasp-benchmark-java
java:java/path-injection:163,true_positive,pathtraver,owasp-benchmark-java
java:java/path-injection:164,true_positive,pathtraver,owasp-benchmark-java
java:java/path-injection:165,true_positive,pathtraver,owasp-benchmark-java
java:java/path-injection:166,false_positive,pathtraver,owasp-benchmark-java
java:java/path-injection:167,false_positive,pathtraver,owasp-benchmark-java
java:java/path-injection:168,true_positive,pathtraver,owasp-benchmark-java
java:java/path-injection:169,false_positive,pathtraver,owasp-benchmark-java
java:java/path-injection:170,false_positive,pathtraver,owasp-benchmark-java
java:java/path-injection:171,true_positive,pathtraver,owasp-benchmark-java
java:java/path-injection:172,true_positive,pathtraver,owasp-benchmark-java
java:java/path-injection:173,true_positive,pathtraver,owasp-benchmark-java
java:java/path-injection:174,true_positive,pathtraver,owasp-benchmark-java
java:java/path-injection:175,true_positive,pathtraver,owasp-benchmark-java
java:java/path-injection:176,false_positive,pathtraver,owasp-benchmark-java
java:java/path-injection:177,false_positive,pathtraver,owasp-benchmark-java
java:java/path-injection:178,true_positive,pathtraver,owasp-benchmark-java
java:java/path-injection:179,false_positive,pathtraver,owasp-benchmark-java
java:java/path-injection:180,true_positive,pathtraver,owasp-benchmark-java
java:java/path-injection:181,false_positive,pathtraver,owasp-benchmark-java
java:java/path-injection:182,true_positive,pathtraver,owasp-benchmark-java
java:java/path-injection:183,true_positive,pathtraver,owasp-benchmark-java
java:java/path-injection:184,false_positive,pathtraver,owasp-benchmark-java
java:java/path-injection:185,true_positive,pathtraver,owasp-benchmark-java
java:java/path-injection:186,true_positive,pathtraver,owasp-benchmark-java
java:java/path-injection:187,true_positive,pathtraver,owasp-benchmark-java
java:java/path-injection:188,false_positive,pathtraver,owasp-benchmark-java
java:java/path-injection:189,true_positive,pathtraver,owasp-benchmark-java
java:java/path-injection:190,true_positive,pathtraver,owasp-benchmark-java
java:java/path-injection:191,true_positive,pathtraver,owasp-benchmark-java
java:java/path-injection:192,true_positive,pathtraver,owasp-benchmark-java
java:java/path-injection:193,true_positive,pathtraver,owasp-benchmark-java
java:java/path-injection:194,true_positive,pathtraver,owasp-benchmark-java
java:java/path-injection:195,false_positive,pathtraver,owasp-benchmark-java
java:java/path-injection:196,true_positive,pathtraver,owasp-benchmark-java
java:java/path-injection:197,false_positive,pathtraver,owasp-benchmark-java
java:java/path-injection:198,true_positive,pathtraver,owasp-benchmark-java
java:java/path-injection:199,false_positive,pathtraver,owasp-benchmark-java
java:java/command-line-injection:200,true_positive,cmdi,owasp-benchmark-java
java:java/command-line-injection:201,true_positive,cmdi,owasp-benchmark-java
java:java/command-line-injection:202,true_positive,cmdi,owasp-benchmark-java
java:java/command-line-injection:203,true_positive,cmdi,owasp-benchmark-java
java:java/command-line-injection:204,false_positive,cmdi,owasp-benchmark-java
java:java/command-line-injection:205,true_positive,cmdi,owasp-benchmark-java
java:java/command-line-injection:206,false_positive,cmdi,owasp-benchmark-java
java:java/command-line-injection:207,true_positive,cmdi,owasp-benchmark-java
java:java/command-line-injection:208,true_positive,cmdi,owasp-benchmark-java
java:java/command-line-injection:209,true_positive,cmdi,owasp-benchmark-java
java:java/command-line-injection:210,true_positive,cmdi,owasp-benchmark-java
java:java/command-line-injection:211,true_positive,cmdi,owasp-benchmark-java
java:java/command-line-injection:212,true_positive,cmdi,owasp-benchmark-java
java:java/command-line-injection:213,true_positive,cmdi,owasp-benchmark-java
java:java/command-line-injection:214,false_positive,cmdi,owasp-benchmark-java
java:java/command-line-injection:215,false_positive,cmdi,owasp-benchmark-java
java:java/command-line-injection:216,true_positive,cmdi,owasp-benchmark-java
java:java/command-line-injection:217,true_positive,cmdi,owasp-benchmark-java
java:java/command-line-injection:218,true_positive,cmdi,owasp-benchmark-java
java:java/command-line-injection:219,false_positive,cmdi,owasp-benchmark-java
java:java/command-line-injection:220,true_positive,cmdi,owasp-benchmark-java
java:java/command-line-injection:221,true_positive,cmdi,owasp-benchmark-java
java:java/command-line-injection:222,false_positive,cmdi,owasp-benchmark-java
java:java/command-line-injection:223,true_positive,cmdi,owasp-benchmark-java
java:java/command-line-injection:224,true_positive,cmdi,owasp-benchmark-java
java:java/command-line-injection:225,true_positive,cmdi,owasp-benchmark-java
java:java/command-line-injection:226,true_positive,cmdi,owasp-benchmark-java
java:java/command-line-injection:227,false_positive,cmdi,owasp-benchmark-java
java:java/command-line-injection:228,false_positive,cmdi,owasp-benchmark-java
java:java/command-line-injection:229,true_positive,cmdi,owasp-benchmark-java
java:java/command-line-injection:230,false_positive,cmdi,owasp-benchmark-java
java:java/command-line-injection:231,false_positive,cmdi,owasp-benchmark-java
java:java/command-line-injection:232,false_positive,cmdi,owasp-benchmark-java
java:java/command-line-injection:233,true_positive,cmdi,owasp-benchmark-java
java:java/command-line-injection:234,true_positive,cmdi,owasp-benchmark-java
java:java/command-line-injection:235,true_positive,cmdi,owasp-benchmark-java
java:java/command-line-injection:236,true_positive,cmdi,owasp-benchmark-java
java:java/command-line-injection:237,true_positive,cmdi,owasp-benchmark-java
java:java/command-line-injection:238,true_positive,cmdi,owasp-benchmark-java
java:java/command-line-injection:239,true_positive,cmdi,owasp-benchmark-java
java:java/command-line-injection:240,false_positive,cmdi,owasp-benchmark-java
java:java/command-line-injection:241,true_positive,cmdi,owasp-benchmark-java
java:java/command-line-injection:242,true_positive,cmdi,owasp-benchmark-java
java:java/command-line-injection:243,true_positive,cmdi,owasp-benchmark-java
java:java/command-line-injection:244,true_positive,cmdi,owasp-benchmark-java
java:java/command-line-injection:245,false_positive,cmdi,owasp-benchmark-java
java:java/command-line-injection:246,false_positive,cmdi,owasp-benchmark-java
java:java/command-line-injection:247,true_positive,cmdi,owasp-benchmark-java
java:java/command-line-injection:248,true_positive,cmdi,owasp-benchmark-java
java:java/command-line-injection:249,true_positive,cmdi,owasp-benchmark-java
java:java/command-line-injection:250,true_positive,cmdi,owasp-benchmark-java
java:java/command-line-injection:251,true_positive,cmdi,owasp-benchmark-java
java:java/command-line-injection:252,true_positive,cmdi,owasp-benchmark-java
java:java/command-line-injection:253,false_positive,cmdi,owasp-benchmark-java
java:java/command-line-injection:254,false_positive,cmdi,owasp-benchmark-java
java:java/command-line-injection:255,false_positive,cmdi,owasp-benchmark-java
java:java/command-line-injection:256,true_positive,cmdi,owasp-benchmark-java
java:java/command-line-injection:257,false_positive,cmdi,owasp-benchmark-java
java:java/command-line-injection:258,true_positive,cmdi,owasp-benchmark-java
java:java/command-line-injection:259,true_positive,cmdi,owasp-benchmark-java
java:java/command-line-injection:260,true_positive,cmdi,owasp-benchmark-java
java:java/command-line-injection:261,true_positive,cmdi,owasp-benchmark-java
java:java/command-line-injection:262,true_positive,cmdi,owasp-benchmark-java
java:java/command-line-injection:263,true_positive,cmdi,owasp-benchmark-java
java:java/command-line-injection:264,true_positive,cmdi,owasp-benchmark-java
java:java/command-line-injection:265,true_positive,cmdi,owasp-benchmark-java
java:java/command-line-injection:266,true_positive,cmdi,owasp-benchmark-java
java:java/command-line-injection:267,true_positive,cmdi,owasp-benchmark-java
java:java/command-line-injection:268,false_positive,cmdi,owasp-benchmark-java
java:java/command-line-injection:269,true_positive,cmdi,owasp-benchmark-java
java:java/command-line-injection:270,true_positive,cmdi,owasp-benchmark-java
java:java/command-line-injection:271,true_positive,cmdi,owasp-benchmark-java
java:java/command-line-injection:272,false_positive,cmdi,owasp-benchmark-java
java:java/command-line-injection:273,true_positive,cmdi,owasp-benchmark-java
java:java/command-line-injection:274,true_positive,cmdi,owasp-benchmark-java
java:java/command-line-injection:275,true_positive,cmdi,owasp-benchmark-java
java:java/command-line-injection:276,false_positive,cmdi,owasp-benchmark-java
java:java/command-line-injection:277,true_positive,cmdi,owasp-benchmark-java
java:java/command-line-injection:278,false_positive,cmdi,owasp-benchmark-java
java:java/command-line-injection:279,true_positive,cmdi,owasp-benchmark-java
java:java/command-line-injection:280,false_positive,cmdi,owasp-benchmark-java
java:java/command-line-injection:281,false_positive,cmdi,owasp-benchmark-java
java:java/command-line-injection:282,true_positive,cmdi,owasp-benchmark-java
java:java/command-line-injection:283,true_positive,cmdi,owasp-benchmark-java
java:java/command-line-injection:284,true_positive,cmdi,owasp-benchmark-java
java:java/command-line-injection:285,true_positive,cmdi,owasp-benchmark-java
java:java/command-line-injection:286,true_positive,cmdi,owasp-benchmark-java
java:java/command-line-injection:287,true_positive,cmdi,owasp-benchmark-java
java:java/command-line-injection:288,true_positive,cmdi,owasp-benchmark-java
java:java/command-line-injection:289,true_positive,cmdi,owasp-benchmark-java
java:java/command-line-injection:290,true_positive,cmdi,owasp-benchmark-java
java:java/command-line-injection:291,true_positive,cmdi,owasp-benchmark-java
java:java/command-line-injection:292,true_positive,cmdi,owasp-benchmark-java
java:java/command-line-injection:293,true_positive,cmdi,owasp-benchmark-java
java:java/command-line-injection:294,false_positive,cmdi,owasp-benchmark-java
java:java/command-line-injection:295,true_positive,cmdi,owasp-benchmark-java
java:java/command-line-injection:296,true_positive,cmdi,owasp-benchmark-java
java:java/command-line-injection:297,false_positive,cmdi,owasp-benchmark-java
java:java/command-line-injection:298,false_positive,cmdi,owasp-benchmark-java
java:java/command-line-injection:299,true_positive,cmdi,owasp-benchmark-java
java:java/command-line-injection:300,true_positive,cmdi,owasp-benchmark-java
java:java/command-line-injection:301,true_positive,cmdi,owasp-benchmark-java
java:java/command-line-injection:302,true_positive,cmdi,owasp-benchmark-java
java:java/command-line-injection:303,true_positive,cmdi,owasp-benchmark-java
java:java/command-line-injection:304,false_positive,cmdi,owasp-benchmark-java
java:java/command-line-injection:305,true_positive,cmdi,owasp-benchmark-java
java:java/command-line-injection:306,true_positive,cmdi,owasp-benchmark-java
java:java/command-line-injection:307,true_positive,cmdi,owasp-benchmark-java
java:java/command-line-injection:308,true_positive,cmdi,owasp-benchmark-java
java:java/command-line-injection:309,true_positive,cmdi,owasp-benchmark-java
java:java/command-line-injection:310,false_positive,cmdi,owasp-benchmark-java
java:java/command-line-injection:311,true_positive,cmdi,owasp-benchmark-java
java:java/xss:325,true_positive,xss,owasp-benchmark-java
java:java/xss:326,true_positive,xss,owasp-benchmark-java
java:java/xss:336,true_positive,xss,owasp-benchmark-java
java:java/xss:341,true_positive,xss,owasp-benchmark-java
java:java/xss:345,true_positive,xss,owasp-benchmark-java
java:java/xss:350,true_positive,xss,owasp-benchmark-java
java:java/xss:351,true_positive,xss,owasp-benchmark-java
java:java/xss:352,true_positive,xss,owasp-benchmark-java
java:java/xss:412,true_positive,xss,owasp-benchmark-java
java:java/xss:413,true_positive,xss,owasp-benchmark-java
java:java/xss:414,true_positive,xss,owasp-benchmark-java
java:java/xss:415,false_positive,xss,owasp-benchmark-java
java:java/xss:416,true_positive,xss,owasp-benchmark-java
java:java/xss:417,true_positive,xss,owasp-benchmark-java
java:java/xss:418,true_positive,xss,owasp-benchmark-java
java:java/xss:419,false_positive,xss,owasp-benchmark-java
java:java/xss:420,true_positive,xss,owasp-benchmark-java
java:java/xss:421,true_positive,xss,owasp-benchmark-java
java:java/xss:422,true_positive,xss,owasp-benchmark-java
java:java/xss:423,true_positive,xss,owasp-benchmark-java
java:java/xss:424,true_positive,xss,owasp-benchmark-java
java:java/xss:425,true_positive,xss,owasp-benchmark-java
java:java/xss:511,true_positive,xss,owasp-benchmark-java
java:java/xss:512,true_positive,xss,owasp-benchmark-java
java:java/xss:513,true_positive,xss,owasp-benchmark-java
java:java/xss:514,false_positive,xss,owasp-benchmark-java
java:java/xss:515,false_positive,xss,owasp-benchmark-java
java:java/xss:516,true_positive,xss,owasp-benchmark-java
java:java/xss:517,false_positive,xss,owasp-benchmark-java
java:java/xss:518,false_positive,xss,owasp-benchmark-java
java:java/xss:519,true_positive,xss,owasp-benchmark-java
java:java/xss:520,false_positive,xss,owasp-benchmark-java
java:java/xss:521,false_positive,xss,owasp-benchmark-java
java:java/xss:522,true_positive,xss,owasp-benchmark-java
java:java/xss:523,true_positive,xss,owasp-benchmark-java
java:java/xss:524,true_positive,xss,owasp-benchmark-java
java:java/xss:530,true_positive,xss,owasp-benchmark-java
java:java/xss:574,true_positive,xss,owasp-benchmark-java
java:java/xss:575,true_positive,xss,owasp-benchmark-java
java:java/xss:576,false_positive,xss,owasp-benchmark-java
java:java/xss:577,true_positive,xss,owasp-benchmark-java
java:java/xss:578,true_positive,xss,owasp-benchmark-java
java:java/xss:579,false_positive,xss,owasp-benchmark-java
java:java/xss:580,true_positive,xss,owasp-benchmark-java
java:java/xss:581,true_positive,xss,owasp-benchmark-java
java:java/xss:582,true_positive,xss,owasp-benchmark-java
java:java/xss:583,true_positive,xss,owasp-benchmark-java
java:java/xss:584,false_positive,xss,owasp-benchmark-java
java:java/xss:585,true_positive,xss,owasp-benchmark-java
java:java/xss:586,true_positive,xss,owasp-benchmark-java
java:java/xss:587,false_positive,xss,owasp-benchmark-java
java:java/xss:588,true_positive,xss,owasp-benchmark-java
java:java/xss:589,false_positive,xss,owasp-benchmark-java
java:java/xss:590,true_positive,xss,owasp-benchmark-java
java:java/xss:591,false_positive,xss,owasp-benchmark-java
java:java/xss:592,true_positive,xss,owasp-benchmark-java
java:java/xss:641,true_positive,xss,owasp-benchmark-java
java:java/xss:642,false_positive,xss,owasp-benchmark-java
java:java/xss:643,true_positive,xss,owasp-benchmark-java
java:java/xss:644,true_positive,xss,owasp-benchmark-java
java:java/xss:645,true_positive,xss,owasp-benchmark-java
java:java/xss:646,true_positive,xss,owasp-benchmark-java
java:java/xss:647,true_positive,xss,owasp-benchmark-java
java:java/xss:648,false_positive,xss,owasp-benchmark-java
java:java/xss:659,true_positive,xss,owasp-benchmark-java
java:java/xss:660,false_positive,xss,owasp-benchmark-java
java:java/xss:686,true_positive,xss,owasp-benchmark-java
java:java/xss:687,true_positive,xss,owasp-benchmark-java
java:java/xss:688,true_positive,xss,owasp-benchmark-java
java:java/xss:689,false_positive,xss,owasp-benchmark-java
java:java/xss:690,false_positive,xss,owasp-benchmark-java
java:java/xss:691,true_positive,xss,owasp-benchmark-java
java:java/xss:692,true_positive,xss,owasp-benchmark-java
java:java/xss:693,false_positive,xss,owasp-benchmark-java
java:java/xss:694,true_positive,xss,owasp-benchmark-java
java:java/xss:695,true_positive,xss,owasp-benchmark-java
java:java/xss:696,false_positive,xss,owasp-benchmark-java
java:java/xss:697,true_positive,xss,owasp-benchmark-java
java:java/xss:698,true_positive,xss,owasp-benchmark-java
java:java/xss:699,false_positive,xss,owasp-benchmark-java
java:java/xss:700,true_positive,xss,owasp-benchmark-java
java:java/xss:751,true_positive,xss,owasp-benchmark-java
java:java/xss:752,true_positive,xss,owasp-benchmark-java
java:java/xss:753,true_positive,xss,owasp-benchmark-java
java:java/xss:754,true_positive,xss,owasp-benchmark-java
java:java/xss:755,false_positive,xss,owasp-benchmark-java
java:java/xss:756,false_positive,xss,owasp-benchmark-java
java:java/xss:757,false_positive,xss,owasp-benchmark-java
java:java/xss:758,false_positive,xss,owasp-benchmark-java
java:java/xss:759,true_positive,xss,owasp-benchmark-java
java:java/xss:764,true_positive,xss,owasp-benchmark-java
java:java/xss:803,true_positive,xss,owasp-benchmark-java
java:java/xss:804,false_positive,xss,owasp-benchmark-java
java:java/xss:805,false_positive,xss,owasp-benchmark-java
java:java/xss:806,true_positive,xss,owasp-benchmark-java
java:java/xss:807,false_positive,xss,owasp-benchmark-java
java:java/xss:808,false_positive,xss,owasp-benchmark-java
java:java/xss:809,true_positive,xss,owasp-benchmark-java
java:java/xss:810,true_positive,xss,owasp-benchmark-java
java:java/xss:811,true_positive,xss,owasp-benchmark-java
java:java/xss:812,false_positive,xss,owasp-benchmark-java
java:java/xss:813,true_positive,xss,owasp-benchmark-java
java:java/xss:814,true_positive,xss,owasp-benchmark-java
java:java/xss:815,true_positive,xss,owasp-benchmark-java
java:java/xss:816,true_positive,xss,owasp-benchmark-java
java:java/xss:817,true_positive,xss,owasp-benchmark-java
java:java/xss:818,false_positive,xss,owasp-benchmark-java
java:java/xss:823,true_positive,xss,owasp-benchmark-java
java:java/xss:867,false_positive,xss,owasp-benchmark-java
java:java/xss:868,true_positive,xss,owasp-benchmark-java
java:java/xss:869,true_positive,xss,owasp-benchmark-java
java:java/xss:870,true_positive,xss,owasp-benchmark-java
java:java/xss:871,true_positive,xss,owasp-benchmark-java
java:java/xss:872,true_positive,xss,owasp-benchmark-java
java:java/xss:873,true_positive,xss,owasp-benchmark-java
java:java/xss:874,true_positive,xss,owasp-benchmark-java
java:java/xss:875,true_positive,xss,owasp-benchmark-java
java:java/xss:876,false_positive,xss,owasp-benchmark-java
java:java/xss:877,true_positive,xss,owasp-benchmark-java
java:java/xss:878,true_positive,xss,owasp-benchmark-java
java:java/xss:879,true_positive,xss,owasp-benchmark-java
java:java/xss:885,true_positive,xss,owasp-benchmark-java
java:java/xss:986,true_positive,xss,owasp-benchmark-java
java:java/xss:987,true_positive,xss,owasp-benchmark-java
java:java/xss:988,true_positive,xss,owasp-benchmark-java
java:java/xss:989,true_positive,xss,owasp-benchmark-java
java:java/xss:990,false_positive,xss,owasp-benchmark-java
java:java/xss:991,true_positive,xss,owasp-benchmark-java
java:java/xss:992,true_positive,xss,owasp-benchmark-java
java:java/xss:993,true_positive,xss,owasp-benchmark-java
java:java/xss:999,true_positive,xss,owasp-benchmark-java
java:java/xss:1077,true_positive,xss,owasp-benchmark-java
java:java/xss:1078,true_positive,xss,owasp-benchmark-java
java:java/xss:1079,true_positive,xss,owasp-benchmark-java
java:java/xss:1080,true_positive,xss,owasp-benchmark-java
java:java/xss:1081,false_positive,xss,owasp-benchmark-java
java:java/xss:1082,false_positive,xss,owasp-benchmark-java
java:java/xss:1083,true_positive,xss,owasp-benchmark-java
java:java/xss:1084,true_positive,xss,owasp-benchmark-java
java:java/xss:1085,true_positive,xss,owasp-benchmark-java
java:java/xss:1086,false_positive,xss,owasp-benchmark-java
java:java/xss:1087,true_positive,xss,owasp-benchmark-java
java:java/xss:1093,false_positive,xss,owasp-benchmark-java
java:java/xss:1133,false_positive,xss,owasp-benchmark-java
java:java/xss:1134,false_positive,xss,owasp-benchmark-java
java:java/xss:1135,true_positive,xss,owasp-benchmark-java
java:java/xss:1136,true_positive,xss,owasp-benchmark-java
java:java/xss:1137,false_positive,xss,owasp-benchmark-java
java:java/xss:1138,false_positive,xss,owasp-benchmark-java
java:java/xss:1139,true_positive,xss,owasp-benchmark-java
java:java/xss:1140,true_positive,xss,owasp-benchmark-java
java:java/xss:1141,true_positive,xss,owasp-benchmark-java
java:java/xss:1142,true_positive,xss,owasp-benchmark-java
java:java/xss:1143,true_positive,xss,owasp-benchmark-java
java:java/xss:1144,true_positive,xss,owasp-benchmark-java
java:java/xss:1145,true_positive,xss,owasp-benchmark-java
java:java/xss:1146,false_positive,xss,owasp-benchmark-java
java:java/xss:1147,true_positive,xss,owasp-benchmark-java
java:java/xss:1148,true_positive,xss,owasp-benchmark-java
java:java/xss:1149,true_positive,xss,owasp-benchmark-java
java:java/xss:1163,true_positive,xss,owasp-benchmark-java
java:java/xss:1190,true_positive,xss,owasp-benchmark-java
java:java/xss:1191,true_positive,xss,owasp-benchmark-java
java:java/xss:1192,false_positive,xss,owasp-benchmark-java
java:java/xss:1193,false_positive,xss,owasp-benchmark-java
java:java/xss:1194,false_positive,xss,owasp-benchmark-java
java:java/xss:1195,false_positive,xss,owasp-benchmark-java
java:java/xss:1196,true_positive,xss,owasp-benchmark-java
java:java/xss:1197,true_positive,xss,owasp-benchmark-java
java:java/xss:1198,true_positive,xss,owasp-benchmark-java
java:java/xss:1199,true_positive,xss,owasp-benchmark-java
java:java/xss:1234,true_positive,xss,owasp-benchmark-java
java:java/xss:1235,true_positive,xss,owasp-benchmark-java
java:java/xss:1236,false_positive,xss,owasp-benchmark-java
java:java/xss:1237,false_positive,xss,owasp-benchmark-java
java:java/xss:1238,true_positive,xss,owasp-benchmark-java
java:java/xss:1239,true_positive,xss,owasp-benchmark-java
java:java/xss:1240,false_positive,xss,owasp-benchmark-java
java:java/xss:1241,true_positive,xss,owasp-benchmark-java
java:java/xss:1242,true_positive,xss,owasp-benchmark-java
java:java/xss:1243,true_positive,xss,owasp-benchmark-java
java:java/xss:1244,true_positive,xss,owasp-benchmark-java
java:java/xss:1251,true_positive,xss,owasp-benchmark-java
java:java/xss:1252,true_positive,xss,owasp-benchmark-java
java:java/xss:1253,false_positive,xss,owasp-benchmark-java
java:java/xss:1292,true_positive,xss,owasp-benchmark-java
java:java/xss:1293,true_positive,xss,owasp-benchmark-java
java:java/xss:1294,true_positive,xss,owasp-benchmark-java
java:java/xss:1295,true_positive,xss,owasp-benchmark-java
java:java/xss:1296,true_positive,xss,owasp-benchmark-java
java:java/xss:1297,true_positive,xss,owasp-benchmark-java
java:java/xss:1298,true_positive,xss,owasp-benchmark-java
java:java/xss:1299,false_positive,xss,owasp-benchmark-java
java:java/xss:1307,true_positive,xss,owasp-benchmark-java
java:java/xss:1348,true_positive,xss,owasp-benchmark-java
java:java/xss:1349,true_positive,xss,owasp-benchmark-java
java:java/xss:1350,false_positive,xss,owasp-benchmark-java
java:java/xss:1351,true_positive,xss,owasp-benchmark-java
java:java/xss:1352,true_positive,xss,owasp-benchmark-java
java:java/xss:1353,true_positive,xss,owasp-benchmark-java
java:java/xss:1354,true_positive,xss,owasp-benchmark-java
java:java/xss:1355,true_positive,xss,owasp-benchmark-java
java:java/xss:1356,false_positive,xss,owasp-benchmark-java
java:java/xss:1357,true_positive,xss,owasp-benchmark-java
java:java/xss:1358,true_positive,xss,owasp-benchmark-java
java:java/xss:1359,true_positive,xss,owasp-benchmark-java
java:java/xss:1360,false_positive,xss,owasp-benchmark-java
java:java/xss:1396,true_positive,xss,owasp-benchmark-java
java:java/xss:1397,true_positive,xss,owasp-benchmark-java
java:java/xss:1398,true_positive,xss,owasp-benchmark-java
java:java/xss:1399,true_positive,xss,owasp-benchmark-java
java:java/xss:1400,false_positive,xss,owasp-benchmark-java
java:java/xss:1401,false_positive,xss,owasp-benchmark-java
java:java/xss:1402,true_positive,xss,owasp-benchmark-java
java:java/xss:1403,true_positive,xss,owasp-benchmark-java
java:java/xss:1404,true_positive,xss,owasp-benchmark-java
java:java/xss:1405,false_positive,xss,owasp-benchmark-java
java:java/xss:1406,false_positive,xss,owasp-benchmark-java
java:java/xss:1407,true_positive,xss,owasp-benchmark-java
java:java/xss:1408,false_positive,xss,owasp-benchmark-java
java:java/xss:1524,true_positive,xss,owasp-benchmark-java
java:java/xss:1525,false_positive,xss,owasp-benchmark-java
java:java/xss:1526,true_positive,xss,owasp-benchmark-java
java:java/xss:1527,true_positive,xss,owasp-benchmark-java
java:java/xss:1528,true_positive,xss,owasp-benchmark-java
java:java/xss:1529,true_positive,xss,owasp-benchmark-java
java:java/xss:1530,true_positive,xss,owasp-benchmark-java
java:java/xss:1531,true_positive,xss,owasp-benchmark-java
java:java/xss:1532,true_positive,xss,owasp-benchmark-java
java:java/xss:1533,true_positive,xss,owasp-benchmark-java
java:java/xss:1622,true_positive,xss,owasp-benchmark-java
java:java/xss:1623,true_positive,xss,owasp-benchmark-java
java:java/xss:1624,false_positive,xss,owasp-benchmark-java
java:java/xss:1625,true_positive,xss,owasp-benchmark-java
java:java/xss:1626,true_positive,xss,owasp-benchmark-java
java:java/xss:1627,false_positive,xss,owasp-benchmark-java
java:java/xss:1628,true_positive,xss,owasp-benchmark-java
java:java/xss:1629,true_positive,xss,owasp-benchmark-java
java:java/xss:1630,true_positive,xss,owasp-benchmark-java
java:java/xss:1631,true_positive,xss,owasp-benchmark-java
java:java/xss:1677,false_positive,xss,owasp-benchmark-java
java:java/xss:1678,true_positive,xss,owasp-benchmark-java
java:java/xss:1679,true_positive,xss,owasp-benchmark-java
java:java/xss:1680,false_positive,xss,owasp-benchmark-java
java:java/xss:1681,true_positive,xss,owasp-benchmark-java
java:java/xss:1682,true_positive,xss,owasp-benchmark-java
java:java/xss:1683,true_positive,xss,owasp-benchmark-java
java:java/xss:1684,true_positive,xss,owasp-benchmark-java
java:java/xss:1685,true_positive,xss,owasp-benchmark-java
java:java/xss:1686,true_positive,xss,owasp-benchmark-java
java:java/xss:1687,true_positive,xss,owasp-benchmark-java
java:java/xss:1688,true_positive,xss,owasp-benchmark-java
java:java/xss:1689,true_positive,xss,owasp-benchmark-java
java:java/xss:1690,true_positive,xss,owasp-benchmark-java
java:java/xss:1698,true_positive,xss,owasp-benchmark-java
java:java/xss:1745,true_positive,xss,owasp-benchmark-java
java:java/xss:1746,false_positive,xss,owasp-benchmark-java
java:java/xss:1747,true_positive,xss,owasp-benchmark-java
java:java/xss:1748,true_positive,xss,owasp-benchmark-java
java:java/xss:1749,true_positive,xss,owasp-benchmark-java
java:java/xss:1750,true_positive,xss,owasp-benchmark-java
java:java/xss:1751,true_positive,xss,owasp-benchmark-java
java:java/xss:1752,false_positive,xss,owasp-benchmark-java
java:java/xss:1753,true_positive,xss,owasp-benchmark-java
java:java/xss:1754,true_positive,xss,owasp-benchmark-java
java:java/xss:1755,false_positive,xss,owasp-benchmark-java
java:java/xss:1756,true_positive,xss,owasp-benchmark-java
java:java/xss:1757,false_positive,xss,owasp-benchmark-java
java:java/xss:1758,false_positive,xss,owasp-benchmark-java
java:java/xss:1759,false_positive,xss,owasp-benchmark-java
java:java/xss:1760,true_positive,xss,owasp-benchmark-java
java:java/xss:1802,true_positive,xss,owasp-benchmark-java
java:java/xss:1803,true_positive,xss,owasp-benchmark-java
java:java/xss:1804,true_positive,xss,owasp-benchmark-java
java:java/xss:1805,true_positive,xss,owasp-benchmark-java
java:java/xss:1806,false_positive,xss,owasp-benchmark-java
java:java/xss:1807,false_positive,xss,owasp-benchmark-java
java:java/xss:1808,true_positive,xss,owasp-benchmark-java
java:java/xss:1809,true_positive,xss,owasp-benchmark-java
java:java/xss:1810,true_positive,xss,owasp-benchmark-java
java:java/xss:1811,true_positive,xss,owasp-benchmark-java
java:java/xss:1812,true_positive,xss,owasp-benchmark-java
java:java/xss:1813,true_positive,xss,owasp-benchmark-java
java:java/xss:1814,true_positive,xss,owasp-benchmark-java
java:java/xss:1815,false_positive,xss,owasp-benchmark-java
java:java/xss:1816,true_positive,xss,owasp-benchmark-java
java:java/xss:1850,false_positive,xss,owasp-benchmark-java
java:java/xss:1851,true_positive,xss,owasp-benchmark-java
java:java/xss:1852,true_positive,xss,owasp-benchmark-java
java:java/xss:1853,true_positive,xss,owasp-benchmark-java
java:java/xss:1854,true_positive,xss,owasp-benchmark-java
java:java/xss:1855,true_positive,xss,owasp-benchmark-java
java:java/xss:1856,false_positive,xss,owasp-benchmark-java
java:java/xss:1857,true_positive,xss,owasp-benchmark-java
java:java/xss:1858,true_positive,xss,owasp-benchmark-java
java:java/xss:1859,true_positive,xss,owasp-benchmark-java
java:java/xss:1860,true_positive,xss,owasp-benchmark-java
java:java/xss:1861,true_positive,xss,owasp-benchmark-java
java:java/xss:1862,true_positive,xss,owasp-benchmark-java
java:java/xss:1910,true_positive,xss,owasp-benchmark-java
java:java/xss:1911,false_positive,xss,owasp-benchmark-java
java:java/xss:1912,false_positive,xss,owasp-benchmark-java
java:java/xss:1913,true_positive,xss,owasp-benchmark-java
java:java/xss:1914,false_positive,xss,owasp-benchmark-java
java:java/xss:1915,false_positive,xss,owasp-benchmark-java
java:java/xss:1916,true_positive,xss,owasp-benchmark-java
java:java/xss:1917,true_positive,xss,owasp-benchmark-java
java:java/xss:1918,false_positive,xss,owasp-benchmark-java
java:java/xss:1919,true_positive,xss,owasp-benchmark-java
java:java/xss:1920,false_positive,xss,owasp-benchmark-java
java:java/xss:1921,true_positive,xss,owasp-benchmark-java
java:java/xss:1922,true_positive,xss,owasp-benchmark-java
java:java/xss:1923,false_positive,xss,owasp-benchmark-java
java:java/xss:1972,true_positive,xss,owasp-benchmark-java
java:java/xss:1973,true_positive,xss,owasp-benchmark-java
java:java/xss:1974,true_positive,xss,owasp-benchmark-java
java:java/xss:1975,false_positive,xss,owasp-benchmark-java
java:java/xss:1976,true_positive,xss,owasp-benchmark-java
java:java/xss:1977,true_positive,xss,owasp-benchmark-java
java:java/xss:1978,true_positive,xss,owasp-benchmark-java
java:java/xss:1979,true_positive,xss,owasp-benchmark-java
java:java/xss:1980,true_positive,xss,owasp-benchmark-java
java:java/xss:1981,true_positive,xss,owasp-benchmark-java
java:java/xss:1982,true_positive,xss,owasp-benchmark-java
java:java/xss:1983,false_positive,xss,owasp-benchmark-java
java:java/xss:1984,false_positive,xss,owasp-benchmark-java
java:java/xss:1985,true_positive,xss,owasp-benchmark-java
java:java/xss:1986,true_positive,xss,owasp-benchmark-java
java:java/xss:1987,true_positive,xss,owasp-benchmark-java
java:java/xss:1988,false_positive,xss,owasp-benchmark-java
java:java/xss:1989,true_positive,xss,owasp-benchmark-java
java:java/xss:1990,true_positive,xss,owasp-benchmark-java
java:java/xss:1991,true_positive,xss,owasp-benchmark-java
java:java/xss:1992,false_positive,xss,owasp-benchmark-java
java:java/xss:1999,true_positive,xss,owasp-benchmark-java
java:java/xss:2000,false_positive,xss,owasp-benchmark-java
java:java/sql-injection:2036,true_positive,sqli,owasp-benchmark-java
java:java/sql-injection:2037,true_positive,sqli,owasp-benchmark-java
java:java/sql-injection:2038,true_positive,sqli,owasp-benchmark-java
java:java/sql-injection:2039,true_positive,sqli,owasp-benchmark-java
java:java/sql-injection:2040,true_positive,sqli,owasp-benchmark-java
java:java/sql-injection:2041,true_positive,sqli,owasp-benchmark-java
java:java/sql-injection:2042,true_positive,sqli,owasp-benchmark-java
java:java/sql-injection:2043,true_positive,sqli,owasp-benchmark-java
java:java/sql-injection:2044,true_positive,sqli,owasp-benchmark-java
java:java/sql-injection:2045,true_positive,sqli,owasp-benchmark-java
java:java/sql-injection:2046,true_positive,sqli,owasp-benchmark-java
java:java/sql-injection:2047,true_positive,sqli,owasp-benchmark-java
java:java/sql-injection:2048,true_positive,sqli,owasp-benchmark-java
java:java/sql-injection:2049,true_positive,sqli,owasp-benchmark-java
java:java/sql-injection:2050,true_positive,sqli,owasp-benchmark-java
java:java/sql-injection:2051,true_positive,sqli,owasp-benchmark-java
java:java/sql-injection:2052,true_positive,sqli,owasp-benchmark-java
java:java/sql-injection:2053,true_positive,sqli,owasp-benchmark-java
java:java/sql-injection:2054,true_positive,sqli,owasp-benchmark-java
java:java/sql-injection:2055,true_positive,sqli,owasp-benchmark-java
java:java/sql-injection:2056,true_positive,sqli,owasp-benchmark-java
java:java/sql-injection:2057,true_positive,sqli,owasp-benchmark-java
java:java/sql-injection:2058,false_positive,sqli,owasp-benchmark-java
java:java/sql-injection:2059,true_positive,sqli,owasp-benchmark-java
java:java/sql-injection:2060,false_positive,sqli,owasp-benchmark-java
java:java/sql-injection:2061,false_positive,sqli,owasp-benchmark-java
java:java/sql-injection:2062,true_positive,sqli,owasp-benchmark-java
java:java/sql-injection:2063,true_positive,sqli,owasp-benchmark-java
java:java/sql-injection:2064,true_positive,sqli,owasp-benchmark-java
java:java/sql-injection:2065,true_positive,sqli,owasp-benchmark-java
java:java/sql-injection:2066,false_positive,sqli,owasp-benchmark-java
java:java/sql-injection:2067,true_positive,sqli,owasp-benchmark-java
java:java/sql-injection:2068,true_positive,sqli,owasp-benchmark-java
java:java/sql-injection:2069,true_positive,sqli,owasp-benchmark-java
java:java/sql-injection:2070,true_positive,sqli,owasp-benchmark-java
java:java/sql-injection:2071,false_positive,sqli,owasp-benchmark-java
java:java/sql-injection:2072,true_positive,sqli,owasp-benchmark-java
java:java/sql-injection:2073,false_positive,sqli,owasp-benchmark-java
java:java/sql-injection:2074,true_positive,sqli,owasp-benchmark-java
java:java/sql-injection:2075,true_positive,sqli,owasp-benchmark-java
java:java/sql-injection:2076,true_positive,sqli,owasp-benchmark-java
java:java/sql-injection:2077,true_positive,sqli,owasp-benchmark-java
java:java/sql-injection:2078,true_positive,sqli,owasp-benchmark-java
java:java/sql-injection:2079,true_positive,sqli,owasp-benchmark-java
java:java/sql-injection:2080,true_positive,sqli,owasp-benchmark-java
java:java/sql-injection:2081,false_positive,sqli,owasp-benchmark-java
java:java/sql-injection:2082,true_positive,sqli,owasp-benchmark-java
java:java/sql-injection:2083,true_positive,sqli,owasp-benchmark-java
java:java/sql-injection:2084,true_positive,sqli,owasp-benchmark-java
java:java/sql-injection:2085,true_positive,sqli,owasp-benchmark-java
java:java/sql-injection:2086,false_positive,sqli,owasp-benchmark-java
java:java/sql-injection:2087,true_positive,sqli,owasp-benchmark-java
java:java/sql-injection:2088,false_positive,sqli,owasp-benchmark-java
java:java/sql-injection:2089,true_positive,sqli,owasp-benchmark-java
java:java/sql-injection:2090,true_positive,sqli,owasp-benchmark-java
java:java/sql-injection:2091,false_positive,sqli,owasp-benchmark-java
java:java/sql-injection:2092,true_positive,sqli,owasp-benchmark-java
java:java/sql-injection:2093,true_positive,sqli,owasp-benchmark-java
java:java/sql-injection:2094,true_positive,sqli,owasp-benchmark-java
java:java/sql-injection:2095,false_positive,sqli,owasp-benchmark-java
java:java/sql-injection:2096,false_positive,sqli,owasp-benchmark-java
java:java/sql-injection:2097,true_positive,sqli,owasp-benchmark-java
java:java/sql-injection:2098,true_positive,sqli,owasp-benchmark-java
java:java/sql-injection:2099,true_positive,sqli,owasp-benchmark-java
java:java/sql-injection:2100,true_positive,sqli,owasp-benchmark-java
java:java/sql-injection:2101,true_positive,sqli,owasp-benchmark-java
java:java/sql-injection:2102,true_positive,sqli,owasp-benchmark-java
java:java/sql-injection:2103,true_positive,sqli,owasp-benchmark-java
java:java/sql-injection:2104,true_positive,sqli,owasp-benchmark-java
java:java/sql-injection:2105,false_positive,sqli,owasp-benchmark-java
java:java/sql-injection:2106,true_positive,sqli,owasp-benchmark-java
java:java/sql-injection:2107,true_positive,sqli,owasp-benchmark-java
java:java/sql-injection:2108,true_positive,sqli,owasp-benchmark-java
java:java/sql-injection:2109,true_positive,sqli,owasp-benchmark-java
java:java/sql-injection:2110,true_positive,sqli,owasp-benchmark-java
java:java/sql-injection:2111,true_positive,sqli,owasp-benchmark-java
java:java/sql-injection:2112,true_positive,sqli,owasp-benchmark-java
java:java/sql-injection:2113,false_positive,sqli,owasp-benchmark-java
java:java/sql-injection:2114,true_positive,sqli,owasp-benchmark-java
java:java/sql-injection:2115,false_positive,sqli,owasp-benchmark-java
java:java/sql-injection:2116,true_positive,sqli,owasp-benchmark-java
java:java/sql-injection:2117,true_positive,sqli,owasp-benchmark-java
java:java/sql-injection:2118,true_positive,sqli,owasp-benchmark-java
java:java/sql-injection:2119,false_positive,sqli,owasp-benchmark-java
java:java/sql-injection:2120,true_positive,sqli,owasp-benchmark-java
java:java/sql-injection:2121,true_positive,sqli,owasp-benchmark-java
java:java/sql-injection:2122,true_positive,sqli,owasp-benchmark-java
java:java/sql-injection:2123,true_positive,sqli,owasp-benchmark-java
java:java/sql-injection:2124,true_positive,sqli,owasp-benchmark-java
java:java/sql-injection:2125,true_positive,sqli,owasp-benchmark-java
java:java/sql-injection:2126,false_positive,sqli,owasp-benchmark-java
java:java/sql-injection:2127,false_positive,sqli,owasp-benchmark-java
java:java/sql-injection:2128,false_positive,sqli,owasp-benchmark-java
java:java/sql-injection:2129,false_positive,sqli,owasp-benchmark-java
java:java/sql-injection:2130,false_positive,sqli,owasp-benchmark-java
java:java/sql-injection:2131,true_positive,sqli,owasp-benchmark-java
java:java/sql-injection:2132,true_positive,sqli,owasp-benchmark-java
java:java/sql-injection:2133,true_positive,sqli,owasp-benchmark-java
java:java/sql-injection:2134,false_positive,sqli,owasp-benchmark-java
java:java/sql-injection:2135,true_positive,sqli,owasp-benchmark-java
java:java/sql-injection:2136,true_positive,sqli,owasp-benchmark-java
java:java/sql-injection:2137,true_positive,sqli,owasp-benchmark-java
java:java/sql-injection:2138,true_positive,sqli,owasp-benchmark-java
java:java/sql-injection:2139,true_positive,sqli,owasp-benchmark-java
java:java/sql-injection:2140,true_positive,sqli,owasp-benchmark-java
java:java/sql-injection:2141,true_positive,sqli,owasp-benchmark-java
java:java/sql-injection:2142,true_positive,sqli,owasp-benchmark-java
java:java/sql-injection:2143,true_positive,sqli,owasp-benchmark-java
java:java/sql-injection:2144,true_positive,sqli,owasp-benchmark-java
java:java/sql-injection:2145,true_positive,sqli,owasp-benchmark-java
java:java/sql-injection:2146,true_positive,sqli,owasp-benchmark-java
java:java/sql-injection:2147,true_positive,sqli,owasp-benchmark-java
java:java/sql-injection:2148,true_positive,sqli,owasp-benchmark-java
java:java/sql-injection:2149,true_positive,sqli,owasp-benchmark-java
java:java/sql-injection:2150,true_positive,sqli,owasp-benchmark-java
java:java/sql-injection:2151,true_positive,sqli,owasp-benchmark-java
java:java/sql-injection:2152,false_positive,sqli,owasp-benchmark-java
java:java/sql-injection:2153,true_positive,sqli,owasp-benchmark-java
java:java/sql-injection:2154,true_positive,sqli,owasp-benchmark-java
java:java/sql-injection:2155,false_positive,sqli,owasp-benchmark-java
java:java/sql-injection:2156,true_positive,sqli,owasp-benchmark-java
java:java/sql-injection:2157,true_positive,sqli,owasp-benchmark-java
java:java/sql-injection:2158,false_positive,sqli,owasp-benchmark-java
java:java/sql-injection:2159,true_positive,sqli,owasp-benchmark-java
java:java/sql-injection:2160,true_positive,sqli,owasp-benchmark-java
java:java/sql-injection:2161,true_positive,sqli,owasp-benchmark-java
java:java/sql-injection:2162,true_positive,sqli,owasp-benchmark-java
java:java/sql-injection:2163,false_positive,sqli,owasp-benchmark-java
java:java/sql-injection:2164,true_positive,sqli,owasp-benchmark-java
java:java/sql-injection:2165,false_positive,sqli,owasp-benchmark-java
java:java/sql-injection:2166,true_positive,sqli,owasp-benchmark-java
java:java/sql-injection:2167,true_positive,sqli,owasp-benchmark-java
java:java/sql-injection:2168,true_positive,sqli,owasp-benchmark-java
java:java/sql-injection:2169,true_positive,sqli,owasp-benchmark-java
java:java/sql-injection:2170,false_positive,sqli,owasp-benchmark-java
java:java/sql-injection:2171,false_positive,sqli,owasp-benchmark-java
java:java/sql-injection:2172,false_positive,sqli,owasp-benchmark-java
java:java/sql-injection:2173,false_positive,sqli,owasp-benchmark-java
java:java/sql-injection:2174,true_positive,sqli,owasp-benchmark-java
java:java/sql-injection:2175,true_positive,sqli,owasp-benchmark-java
java:java/sql-injection:2176,true_positive,sqli,owasp-benchmark-java
java:java/sql-injection:2177,false_positive,sqli,owasp-benchmark-java
java:java/sql-injection:2178,true_positive,sqli,owasp-benchmark-java
java:java/sql-injection:2179,true_positive,sqli,owasp-benchmark-java
java:java/sql-injection:2180,true_positive,sqli,owasp-benchmark-java
java:java/sql-injection:2181,false_positive,sqli,owasp-benchmark-java
java:java/sql-injection:2182,true_positive,sqli,owasp-benchmark-java
java:java/sql-injection:2183,true_positive,sqli,owasp-benchmark-java
java:java/sql-injection:2184,true_positive,sqli,owasp-benchmark-java
java:java/sql-injection:2185,true_positive,sqli,owasp-benchmark-java
java:java/sql-injection:2186,true_positive,sqli,owasp-benchmark-java
java:java/sql-injection:2187,true_positive,sqli,owasp-benchmark-java
java:java/sql-injection:2188,true_positive,sqli,owasp-benchmark-java
java:java/sql-injection:2189,true_positive,sqli,owasp-benchmark-java
java:java/sql-injection:2190,true_positive,sqli,owasp-benchmark-java
java:java/sql-injection:2191,false_positive,sqli,owasp-benchmark-java
java:java/sql-injection:2192,false_positive,sqli,owasp-benchmark-java
java:java/sql-injection:2193,true_positive,sqli,owasp-benchmark-java
java:java/sql-injection:2194,false_positive,sqli,owasp-benchmark-java
java:java/sql-injection:2195,true_positive,sqli,owasp-benchmark-java
java:java/sql-injection:2196,true_positive,sqli,owasp-benchmark-java
java:java/sql-injection:2197,true_positive,sqli,owasp-benchmark-java
java:java/sql-injection:2198,true_positive,sqli,owasp-benchmark-java
java:java/sql-injection:2199,true_positive,sqli,owasp-benchmark-java
java:java/sql-injection:2200,false_positive,sqli,owasp-benchmark-java
java:java/sql-injection:2201,true_positive,sqli,owasp-benchmark-java
java:java/sql-injection:2202,false_positive,sqli,owasp-benchmark-java
java:java/sql-injection:2203,true_positive,sqli,owasp-benchmark-java
java:java/sql-injection:2204,true_positive,sqli,owasp-benchmark-java
java:java/sql-injection:2205,true_positive,sqli,owasp-benchmark-java
java:java/sql-injection:2206,true_positive,sqli,owasp-benchmark-java
java:java/sql-injection:2207,true_positive,sqli,owasp-benchmark-java
java:java/sql-injection:2208,false_positive,sqli,owasp-benchmark-java
java:java/sql-injection:2209,true_positive,sqli,owasp-benchmark-java
java:java/sql-injection:2210,true_positive,sqli,owasp-benchmark-java
java:java/sql-injection:2211,true_positive,sqli,owasp-benchmark-java
java:java/sql-injection:2212,true_positive,sqli,owasp-benchmark-java
java:java/sql-injection:2213,true_positive,sqli,owasp-benchmark-java
java:java/sql-injection:2214,true_positive,sqli,owasp-benchmark-java
java:java/sql-injection:2215,true_positive,sqli,owasp-benchmark-java
java:java/sql-injection:2216,false_positive,sqli,owasp-benchmark-java
java:java/sql-injection:2217,true_positive,sqli,owasp-benchmark-java
java:java/sql-injection:2218,false_positive,sqli,owasp-benchmark-java
java:java/sql-injection:2219,false_positive,sqli,owasp-benchmark-java
java:java/sql-injection:2220,true_positive,sqli,owasp-benchmark-java
java:java/sql-injection:2221,true_positive,sqli,owasp-benchmark-java
java:java/sql-injection:2222,true_positive,sqli,owasp-benchmark-java
java:java/sql-injection:2223,true_positive,sqli,owasp-benchmark-java
java:java/sql-injection:2224,true_positive,sqli,owasp-benchmark-java
java:java/sql-injection:2225,true_positive,sqli,owasp-benchmark-java
java:java/sql-injection:2226,false_positive,sqli,owasp-benchmark-java
java:java/sql-injection:2227,true_positive,sqli,owasp-benchmark-java
java:java/sql-injection:2228,true_positive,sqli,owasp-benchmark-java
java:java/sql-injection:2229,true_positive,sqli,owasp-benchmark-java
java:java/sql-injection:2230,true_positive,sqli,owasp-benchmark-java
java:java/sql-injection:2231,false_positive,sqli,owasp-benchmark-java
java:java/sql-injection:2232,true_positive,sqli,owasp-benchmark-java
java:java/sql-injection:2233,true_positive,sqli,owasp-benchmark-java
java:java/sql-injection:2234,true_positive,sqli,owasp-benchmark-java
java:java/sql-injection:2235,false_positive,sqli,owasp-benchmark-java
java:java/sql-injection:2236,true_positive,sqli,owasp-benchmark-java
java:java/sql-injection:2237,true_positive,sqli,owasp-benchmark-java
java:java/sql-injection:2238,false_positive,sqli,owasp-benchmark-java
java:java/sql-injection:2239,true_positive,sqli,owasp-benchmark-java
java:java/sql-injection:2240,false_positive,sqli,owasp-benchmark-java
java:java/sql-injection:2241,true_positive,sqli,owasp-benchmark-java
java:java/sql-injection:2242,true_positive,sqli,owasp-benchmark-java
java:java/sql-injection:2243,false_positive,sqli,owasp-benchmark-java
java:java/sql-injection:2244,true_positive,sqli,owasp-benchmark-java
java:java/sql-injection:2245,true_positive,sqli,owasp-benchmark-java
java:java/sql-injection:2246,true_positive,sqli,owasp-benchmark-java
java:java/sql-injection:2247,true_positive,sqli,owasp-benchmark-java
java:java/sql-injection:2248,true_positive,sqli,owasp-benchmark-java
java:java/sql-injection:2249,false_positive,sqli,owasp-benchmark-java
java:java/sql-injection:2250,true_positive,sqli,owasp-benchmark-java
java:java/sql-injection:2251,true_positive,sqli,owasp-benchmark-java
java:java/sql-injection:2252,true_positive,sqli,owasp-benchmark-java
java:java/sql-injection:2253,false_positive,sqli,owasp-benchmark-java
java:java/sql-injection:2254,false_positive,sqli,owasp-benchmark-java
java:java/sql-injection:2255,false_positive,sqli,owasp-benchmark-java
java:java/sql-injection:2256,true_positive,sqli,owasp-benchmark-java
java:java/sql-injection:2257,true_positive,sqli,owasp-benchmark-java
java:java/sql-injection:2258,false_positive,sqli,owasp-benchmark-java
java:java/sql-injection:2259,true_positive,sqli,owasp-benchmark-java
java:java/sql-injection:2260,true_positive,sqli,owasp-benchmark-java
java:java/sql-injection:2261,true_positive,sqli,owasp-benchmark-java
java:java/sql-injection:2262,true_positive,sqli,owasp-benchmark-java
java:java/sql-injection:2263,true_positive,sqli,owasp-benchmark-java
java:java/sql-injection:2264,true_positive,sqli,owasp-benchmark-java
java:java/sql-injection:2265,true_positive,sqli,owasp-benchmark-java
java:java/sql-injection:2266,false_positive,sqli,owasp-benchmark-java
java:java/sql-injection:2267,true_positive,sqli,owasp-benchmark-java
java:java/sql-injection:2268,true_positive,sqli,owasp-benchmark-java
java:java/sql-injection:2269,true_positive,sqli,owasp-benchmark-java
java:java/sql-injection:2270,false_positive,sqli,owasp-benchmark-java
java:java/sql-injection:2271,true_positive,sqli,owasp-benchmark-java
java:java/sql-injection:2272,true_positive,sqli,owasp-benchmark-java
java:java/sql-injection:2273,true_positive,sqli,owasp-benchmark-java
java:java/sql-injection:2274,true_positive,sqli,owasp-benchmark-java
java:java/sql-injection:2275,true_positive,sqli,owasp-benchmark-java
java:java/sql-injection:2276,false_positive,sqli,owasp-benchmark-java
java:java/sql-injection:2277,true_positive,sqli,owasp-benchmark-java
java:java/sql-injection:2278,false_positive,sqli,owasp-benchmark-java
java:java/sql-injection:2279,true_positive,sqli,owasp-benchmark-java
java:java/sql-injection:2280,false_positive,sqli,owasp-benchmark-java
java:java/sql-injection:2281,false_positive,sqli,owasp-benchmark-java
java:java/sql-injection:2282,true_positive,sqli,owasp-benchmark-java
java:java/sql-injection:2283,true_positive,sqli,owasp-benchmark-java
java:java/sql-injection:2284,true_positive,sqli,owasp-benchmark-java
java:java/sql-injection:2285,true_positive,sqli,owasp-benchmark-java
java:java/sql-injection:2286,false_positive,sqli,owasp-benchmark-java
java:java/sql-injection:2287,false_positive,sqli,owasp-benchmark-java
java:java/sql-injection:2288,true_positive,sqli,owasp-benchmark-java
java:java/sql-injection:2289,true_positive,sqli,owasp-benchmark-java
java:java/sql-injection:2290,true_positive,sqli,owasp-benchmark-java
java:java/sql-injection:2291,false_positive,sqli,owasp-benchmark-java
java:java/sql-injection:2292,true_positive,sqli,owasp-benchmark-java
java:java/sql-injection:2293,true_positive,sqli,owasp-benchmark-java
java:java/sql-injection:2294,false_positive,sqli,owasp-benchmark-java
java:java/sql-injection:2295,false_positive,sqli,owasp-benchmark-java
java:java/sql-injection:2296,true_positive,sqli,owasp-benchmark-java
java:java/sql-injection:2297,true_positive,sqli,owasp-benchmark-java
java:java/sql-injection:2298,true_positive,sqli,owasp-benchmark-java
java:java/sql-injection:2299,false_positive,sqli,owasp-benchmark-java
java:java/sql-injection:2300,false_positive,sqli,owasp-benchmark-java
java:java/sql-injection:2301,false_positive,sqli,owasp-benchmark-java
java:java/sql-injection:2302,false_positive,sqli,owasp-benchmark-java
java:java/sql-injection:2303,true_positive,sqli,owasp-benchmark-java
java:java/sql-injection:2304,true_positive,sqli,owasp-benchmark-java
java:java/sql-injection:2305,false_positive,sqli,owasp-benchmark-java
java:java/sql-injection:2306,true_positive,sqli,owasp-benchmark-java
java:java/sql-injection:2307,true_positive,sqli,owasp-benchmark-java
java:java/sql-injection:2308,false_positive,sqli,owasp-benchmark-java
java:java/sql-injection:2309,false_positive,sqli,owasp-benchmark-java
java:java/sql-injection:2310,true_positive,sqli,owasp-benchmark-java
java:java/sql-injection:2311,false_positive,sqli,owasp-benchmark-java
java:java/sql-injection:2312,true_positive,sqli,owasp-benchmark-java
java:java/sql-injection:2313,true_positive,sqli,owasp-benchmark-java
java:java/sql-injection:2314,true_positive,sqli,owasp-benchmark-java
java:java/sql-injection:2315,true_positive,sqli,owasp-benchmark-java
java:java/sql-injection:2316,true_positive,sqli,owasp-benchmark-java
java:java/sql-injection:2317,true_positive,sqli,owasp-benchmark-java
java:java/sql-injection:2318,true_positive,sqli,owasp-benchmark-java
java:java/sql-injection:2319,true_positive,sqli,owasp-benchmark-java
java:java/sql-injection:2320,true_positive,sqli,owasp-benchmark-java
java:java/sql-injection:2321,true_positive,sqli,owasp-benchmark-java
java:java/sql-injection:2322,true_positive,sqli,owasp-benchmark-java
java:java/sql-injection:2323,true_positive,sqli,owasp-benchmark-java
java:java/sql-injection:2324,true_positive,sqli,owasp-benchmark-java
java:java/sql-injection:2325,false_positive,sqli,owasp-benchmark-java
java:java/sql-injection:2326,true_positive,sqli,owasp-benchmark-java
java:java/sql-injection:2327,true_positive,sqli,owasp-benchmark-java
java:java/sql-injection:2328,true_positive,sqli,owasp-benchmark-java
java:java/sql-injection:2329,true_positive,sqli,owasp-benchmark-java
java:java/sql-injection:2330,true_positive,sqli,owasp-benchmark-java
java:java/sql-injection:2331,true_positive,sqli,owasp-benchmark-java
java:java/sql-injection:2332,true_positive,sqli,owasp-benchmark-java
java:java/sql-injection:2333,false_positive,sqli,owasp-benchmark-java
java:java/sql-injection:2334,true_positive,sqli,owasp-benchmark-java
java:java/sql-injection:2335,true_positive,sqli,owasp-benchmark-java
java:java/sql-injection:2336,true_positive,sqli,owasp-benchmark-java
java:java/sql-injection:2337,true_positive,sqli,owasp-benchmark-java
java:java/sql-injection:2338,true_positive,sqli,owasp-benchmark-java
java:java/sql-injection:2339,true_positive,sqli,owasp-benchmark-java
java:java/sql-injection:2340,true_positive,sqli,owasp-benchmark-java
java:java/sql-injection:2341,true_positive,sqli,owasp-benchmark-java
java:java/sql-injection:2342,false_positive,sqli,owasp-benchmark-java
java:java/sql-injection:2343,true_positive,sqli,owasp-benchmark-java
java:java/sql-injection:2344,false_positive,sqli,owasp-benchmark-java
java:java/sql-injection:2345,true_positive,sqli,owasp-benchmark-java
java:java/sql-injection:2346,true_positive,sqli,owasp-benchmark-java
java:java/sql-injection:2347,true_positive,sqli,owasp-benchmark-java
java:java/sql-injection:2348,false_positive,sqli,owasp-benchmark-java
java:java/sql-injection:2349,true_positive,sqli,owasp-benchmark-java
java:java/sql-injection:2350,true_positive,sqli,owasp-benchmark-java
java:java/sql-injection:2351,false_positive,sqli,owasp-benchmark-java
java:java/sql-injection:2352,true_positive,sqli,owasp-benchmark-java
java:java/sql-injection:2353,false_positive,sqli,owasp-benchmark-java
java:java/sql-injection:2354,false_positive,sqli,owasp-benchmark-java
java:java/sql-injection:2355,true_positive,sqli,owasp-benchmark-java
java:java/sql-injection:2356,true_positive,sqli,owasp-benchmark-java
java:java/sql-injection:2357,true_positive,sqli,owasp-benchmark-java
java:java/sql-injection:2358,true_positive,sqli,owasp-benchmark-java
java:java/sql-injection:2359,true_positive,sqli,owasp-benchmark-java
java:java/sql-injection:2360,true_positive,sqli,owasp-benchmark-java
java:java/sql-injection:2361,false_positive,sqli,owasp-benchmark-java
java:java/sql-injection:2362,true_positive,sqli,owasp-benchmark-java
java:java/sql-injection:2363,true_positive,sqli,owasp-benchmark-java
java:java/sql-injection:2364,true_positive,sqli,owasp-benchmark-java
java:java/sql-injection:2365,true_positive,sqli,owasp-benchmark-java
java:java/sql-injection:2366,true_positive,sqli,owasp-benchmark-java
java:java/sql-injection:2367,true_positive,sqli,owasp-benchmark-java
java:java/sql-injection:2368,true_positive,sqli,owasp-benchmark-java
java:java/sql-injection:2369,true_positive,sqli,owasp-benchmark-java
java:java/sql-injection:2370,false_positive,sqli,owasp-benchmark-java
java:java/sql-injection:2371,false_positive,sqli,owasp-benchmark-java
java:java/sql-injection:2372,true_positive,sqli,owasp-benchmark-java
java:java/sql-injection:2373,true_positive,sqli,owasp-benchmark-java
java:java/sql-injection:2374,false_positive,sqli,owasp-benchmark-java
java:java/sql-injection:2375,true_positive,sqli,owasp-benchmark-java
java:java/sql-injection:2376,true_positive,sqli,owasp-benchmark-java
java:java/sql-injection:2377,true_positive,sqli,owasp-benchmark-java
java:java/sql-injection:2378,true_positive,sqli,owasp-benchmark-java
java:java/sql-injection:2379,true_positive,sqli,owasp-benchmark-java
java:java/sql-injection:2380,true_positive,sqli,owasp-benchmark-java
java:java/sql-injection:2381,false_positive,sqli,owasp-benchmark-java
java:java/sql-injection:2382,true_positive,sqli,owasp-benchmark-java
java:java/sql-injection:2383,true_positive,sqli,owasp-benchmark-java
java:java/sql-injection:2384,true_positive,sqli,owasp-benchmark-java
java:java/sql-injection:2385,true_positive,sqli,owasp-benchmark-java
java:java/sql-injection:2386,true_positive,sqli,owasp-benchmark-java
java:java/sql-injection:2387,true_positive,sqli,owasp-benchmark-java
java:java/sql-injection:2388,false_positive,sqli,owasp-benchmark-java
java:java/sql-injection:2389,true_positive,sqli,owasp-benchmark-java
java:java/sql-injection:2390,true_positive,sqli,owasp-benchmark-java
java:java/sql-injection:2391,false_positive,sqli,owasp-benchmark-java
java:java/sql-injection:2392,true_positive,sqli,owasp-benchmark-java
java:java/sql-injection:2393,true_positive,sqli,owasp-benchmark-java
java:java/sql-injection:2394,true_positive,sqli,owasp-benchmark-java
java:java/ldap-injection:2395,true_positive,ldapi,owasp-benchmark-java
java:java/ldap-injection:2396,true_positive,ldapi,owasp-benchmark-java
java:java/ldap-injection:2397,true_positive,ldapi,owasp-benchmark-java
java:java/ldap-injection:2398,false_positive,ldapi,owasp-benchmark-java
java:java/ldap-injection:2399,true_positive,ldapi,owasp-benchmark-java
java:java/ldap-injection:2400,true_positive,ldapi,owasp-benchmark-java
java:java/ldap-injection:2401,true_positive,ldapi,owasp-benchmark-java
java:java/ldap-injection:2402,true_positive,ldapi,owasp-benchmark-java
java:java/ldap-injection:2403,false_positive,ldapi,owasp-benchmark-java
java:java/ldap-injection:2404,true_positive,ldapi,owasp-benchmark-java
java:java/ldap-injection:2405,true_positive,ldapi,owasp-benchmark-java
java:java/ldap-injection:2406,false_positive,ldapi,owasp-benchmark-java
java:java/ldap-injection:2407,true_positive,ldapi,owasp-benchmark-java
java:java/ldap-injection:2408,true_positive,ldapi,owasp-benchmark-java
java:java/ldap-injection:2409,true_positive,ldapi,owasp-benchmark-java
java:java/ldap-injection:2410,true_positive,ldapi,owasp-benchmark-java
java:java/ldap-injection:2411,false_positive,ldapi,owasp-benchmark-java
java:java/ldap-injection:2412,true_positive,ldapi,owasp-benchmark-java
java:java/ldap-injection:2413,true_positive,ldapi,owasp-benchmark-java
java:java/ldap-injection:2414,true_positive,ldapi,owasp-benchmark-java
java:java/ldap-injection:2415,true_positive,ldapi,owasp-benchmark-java
java:java/ldap-injection:2416,true_positive,ldapi,owasp-benchmark-java
java:java/ldap-injection:2417,true_positive,ldapi,owasp-benchmark-java
java:java/ldap-injection:2418,false_positive,ldapi,owasp-benchmark-java
java:java/ldap-injection:2419,true_positive,ldapi,owasp-benchmark-java
java:java/ldap-injection:2420,true_positive,ldapi,owasp-benchmark-java
java:java/ldap-injection:2421,false_positive,ldapi,owasp-benchmark-java
java:java/ldap-injection:2422,false_positive,ldapi,owasp-benchmark-java
java:java/ldap-injection:2423,false_positive,ldapi,owasp-benchmark-java
java:java/ldap-injection:2424,false_positive,ldapi,owasp-benchmark-java
java:java/ldap-injection:2425,true_positive,ldapi,owasp-benchmark-java
java:java/ldap-injection:2426,true_positive,ldapi,owasp-benchmark-java
java:java/ldap-injection:2427,true_positive,ldapi,owasp-benchmark-java
java:java/ldap-injection:2428,true_positive,ldapi,owasp-benchmark-java
java:java/ldap-injection:2429,true_positive,ldapi,owasp-benchmark-java
java:java/ldap-injection:2430,false_positive,ldapi,owasp-benchmark-java
java:java/ldap-injection:2431,true_positive,ldapi,owasp-benchmark-java
java:java/ldap-injection:2432,false_positive,ldapi,owasp-benchmark-java
java:java/ldap-injection:2433,false_positive,ldapi,owasp-benchmark-java
java:java/ldap-injection:2434,false_positive,ldapi,owasp-benchmark-java
java:java/weak-cryptographic-algorithm:3580,true_positive,crypto,owasp-benchmark-java
java:java/weak-cryptographic-algorithm:3581,true_positive,crypto,owasp-benchmark-java
java:java/weak-cryptographic-algorithm:3582,true_positive,crypto,owasp-benchmark-java
java:java/weak-cryptographic-algorithm:3583,true_positive,crypto,owasp-benchmark-java
java:java/weak-cryptographic-algorithm:3584,true_positive,crypto,owasp-benchmark-java
java:java/weak-cryptographic-algorithm:3585,true_positive,crypto,owasp-benchmark-java
java:java/weak-cryptographic-algorithm:3586,true_positive,crypto,owasp-benchmark-java
java:java/weak-cryptographic-algorithm:3587,true_positive,crypto,owasp-benchmark-java
java:java/weak-cryptographic-algorithm:3588,true_positive,crypto,owasp-benchmark-java
java:java/weak-cryptographic-algorithm:3589,true_positive,crypto,owasp-benchmark-java
java:java/weak-cryptographic-algorithm:3590,true_positive,crypto,owasp-benchmark-java
java:java/weak-cryptographic-algorithm:3591,true_positive,crypto,owasp-benchmark-java
java:java/weak-cryptographic-algorithm:3592,true_positive,crypto,owasp-benchmark-java
java:java/weak-cryptographic-algorithm:3593,true_positive,crypto,owasp-benchmark-java
java:java/weak-cryptographic-algorithm:3594,true_positive,crypto,owasp-benchmark-java
java:java/weak-cryptographic-algorithm:3595,true_positive,crypto,owasp-benchmark-java
java:java/weak-cryptographic-algorithm:3596,true_positive,crypto,owasp-benchmark-java
java:java/weak-cryptographic-algorithm:3597,true_positive,crypto,owasp-benchmark-java
java:java/weak-cryptographic-algorithm:3598,false_positive,crypto,owasp-benchmark-java
java:java/weak-cryptographic-algorithm:3599,true_positive,crypto,owasp-benchmark-java
java:java/weak-cryptographic-algorithm:3600,true_positive,crypto,owasp-benchmark-java
java:java/weak-cryptographic-algorithm:3601,true_positive,crypto,owasp-benchmark-java
java:java/weak-cryptographic-algorithm:3602,true_positive,crypto,owasp-benchmark-java
java:java/weak-cryptographic-algorithm:3603,true_positive,crypto,owasp-benchmark-java
java:java/weak-cryptographic-algorithm:3604,true_positive,crypto,owasp-benchmark-java
java:java/weak-cryptographic-algorithm:3605,true_positive,crypto,owasp-benchmark-java
java:java/weak-cryptographic-algorithm:3606,true_positive,crypto,owasp-benchmark-java
java:java/weak-cryptographic-algorithm:3607,true_positive,crypto,owasp-benchmark-java
java:java/weak-cryptographic-algorithm:3608,true_positive,crypto,owasp-benchmark-java
java:java/weak-cryptographic-algorithm:3609,false_positive,crypto,owasp-benchmark-java
java:java/weak-cryptographic-algorithm:3610,false_positive,crypto,owasp-benchmark-java
java:java/weak-cryptographic-algorithm:3611,false_positive,crypto,owasp-benchmark-java
java:java/weak-cryptographic-algorithm:3612,false_positive,crypto,owasp-benchmark-java
java:java/weak-cryptographic-algorithm:3613,true_positive,crypto,owasp-benchmark-java
java:java/weak-cryptographic-algorithm:3614,true_positive,crypto,owasp-benchmark-java
java:java/weak-cryptographic-algorithm:3615,true_positive,crypto,owasp-benchmark-java
java:java/weak-cryptographic-algorithm:3616,true_positive,crypto,owasp-benchmark-java
java:java/weak-cryptographic-algorithm:3617,false_positive,crypto,owasp-benchmark-java
java:java/weak-cryptographic-algorithm:3618,false_positive,crypto,owasp-benchmark-java
java:java/weak-cryptographic-algorithm:3619,true_positive,crypto,owasp-benchmark-java
java:java/weak-cryptographic-algorithm:3620,true_positive,crypto,owasp-benchmark-java
java:java/weak-cryptographic-algorithm:3621,true_positive,crypto,owasp-benchmark-java
java:java/weak-cryptographic-algorithm:3622,true_positive,crypto,owasp-benchmark-java
java:java/weak-cryptographic-algorithm:3623,true_positive,crypto,owasp-benchmark-java
java:java/weak-cryptographic-algorithm:3624,true_positive,crypto,owasp-benchmark-java
java:java/weak-cryptographic-algorithm:3625,true_positive,crypto,owasp-benchmark-java
java:java/weak-cryptographic-algorithm:3626,true_positive,crypto,owasp-benchmark-java
java:java/weak-cryptographic-algorithm:3627,true_positive,crypto,owasp-benchmark-java
java:java/weak-cryptographic-algorithm:3628,true_positive,crypto,owasp-benchmark-java
java:java/weak-cryptographic-algorithm:3629,true_positive,crypto,owasp-benchmark-java
java:java/weak-cryptographic-algorithm:3630,true_positive,crypto,owasp-benchmark-java
java:java/weak-cryptographic-algorithm:3631,true_positive,crypto,owasp-benchmark-java
java:java/weak-cryptographic-algorithm:3632,true_positive,crypto,owasp-benchmark-java
java:java/weak-cryptographic-algorithm:3633,false_positive,crypto,owasp-benchmark-java
java:java/weak-cryptographic-algorithm:3634,false_positive,crypto,owasp-benchmark-java
java:java/weak-cryptographic-algorithm:3635,true_positive,crypto,owasp-benchmark-java
java:java/weak-cryptographic-algorithm:3636,true_positive,crypto,owasp-benchmark-java
java:java/weak-cryptographic-algorithm:3637,true_positive,crypto,owasp-benchmark-java
java:java/weak-cryptographic-algorithm:3638,true_positive,crypto,owasp-benchmark-java
java:java/weak-cryptographic-algorithm:3639,true_positive,crypto,owasp-benchmark-java
java:java/weak-cryptographic-algorithm:3640,true_positive,crypto,owasp-benchmark-java
java:java/weak-cryptographic-algorithm:3641,true_positive,crypto,owasp-benchmark-java
java:java/weak-cryptographic-algorithm:3642,true_positive,crypto,owasp-benchmark-java
java:java/weak-cryptographic-algorithm:3643,false_positive,crypto,owasp-benchmark-java
java:java/weak-cryptographic-algorithm:3644,false_positive,crypto,owasp-benchmark-java
java:java/weak-cryptographic-algorithm:3645,true_positive,crypto,owasp-benchmark-java
java:java/weak-cryptographic-algorithm:3646,true_positive,crypto,owasp-benchmark-java
java:java/weak-cryptographic-algorithm:3647,true_positive,crypto,owasp-benchmark-java
java:java/weak-cryptographic-algorithm:3648,true_positive,crypto,owasp-benchmark-java
java:java/weak-cryptographic-algorithm:3649,false_positive,crypto,owasp-benchmark-java
java:java/weak-cryptographic-algorithm:3650,true_positive,crypto,owasp-benchmark-java
java:java/weak-cryptographic-algorithm:3651,true_positive,crypto,owasp-benchmark-java
java:java/weak-cryptographic-algorithm:3652,true_positive,crypto,owasp-benchmark-java
java:java/weak-cryptographic-algorithm:3653,true_positive,crypto,owasp-benchmark-java
java:java/weak-cryptographic-algorithm:3654,true_positive,crypto,owasp-benchmark-java
java:java/weak-cryptographic-algorithm:3655,true_positive,crypto,owasp-benchmark-java
java:java/weak-cryptographic-algorithm:3656,true_positive,crypto,owasp-benchmark-java
java:java/weak-cryptographic-algorithm:3657,true_positive,crypto,owasp-benchmark-java
java:java/weak-cryptographic-algorithm:3658,true_positive,crypto,owasp-benchmark-java
java:java/weak-cryptographic-algorithm:3659,true_positive,crypto,owasp-benchmark-java
java:java/weak-cryptographic-algorithm:3660,true_positive,crypto,owasp-benchmark-java
java:java/weak-cryptographic-algorithm:3661,true_positive,crypto,owasp-benchmark-java
java:java/weak-cryptographic-algorithm:3662,true_positive,crypto,owasp-benchmark-java
java:java/weak-cryptographic-algorithm:3663,true_positive,crypto,owasp-benchmark-java
java:java/weak-cryptographic-algorithm:3664,true_positive,crypto,owasp-benchmark-java
java:java/weak-cryptographic-algorithm:3665,true_positive,crypto,owasp-benchmark-java
java:java/weak-cryptographic-algorithm:3666,false_positive,crypto,owasp-benchmark-java
java:java/weak-cryptographic-algorithm:3667,true_positive,crypto,owasp-benchmark-java
java:java/weak-cryptographic-algorithm:3668,true_positive,crypto,owasp-benchmark-java
java:java/weak-cryptographic-algorithm:3669,true_positive,crypto,owasp-benchmark-java
java:java/weak-cryptographic-algorithm:3670,true_positive,crypto,owasp-benchmark-java
java:java/weak-cryptographic-algorithm:3671,true_positive,crypto,owasp-benchmark-java
java:java/weak-cryptographic-algorithm:3672,true_positive,crypto,owasp-benchmark-java
java:java/weak-cryptographic-algorithm:3673,true_positive,crypto,owasp-benchmark-java
java:java/weak-cryptographic-algorithm:3674,true_positive,crypto,owasp-benchmark-java
java:java/weak-cryptographic-algorithm:3675,true_positive,crypto,owasp-benchmark-java
java:java/weak-cryptographic-algorithm:3676,true_positive,crypto,owasp-benchmark-java
java:java/weak-cryptographic-algorithm:3677,true_positive,crypto,owasp-benchmark-java
java:java/weak-cryptographic-algorithm:3678,true_positive,crypto,owasp-benchmark-java
java:java/weak-cryptographic-algorithm:3679,true_positive,crypto,owasp-benchmark-java
java:java/weak-cryptographic-algorithm:3680,true_positive,crypto,owasp-benchmark-java
java:java/weak-cryptographic-algorithm:3681,true_positive,crypto,owasp-benchmark-java
java:java/weak-cryptographic-algorithm:3682,true_positive,crypto,owasp-benchmark-java
java:java/weak-cryptographic-algorithm:3683,true_positive,crypto,owasp-benchmark-java
java:java/weak-cryptographic-algorithm:3684,true_positive,crypto,owasp-benchmark-java
java:java/weak-cryptographic-algorithm:3685,true_positive,crypto,owasp-benchmark-java
java:java/weak-cryptographic-algorithm:3686,true_positive,crypto,owasp-benchmark-java
java:java/weak-cryptographic-algorithm:3687,true_positive,crypto,owasp-benchmark-java
java:java/weak-cryptographic-algorithm:3688,true_positive,crypto,owasp-benchmark-java
java:java/weak-cryptographic-algorithm:3689,true_positive,crypto,owasp-benchmark-java
java:java/weak-cryptographic-algorithm:3690,true_positive,crypto,owasp-benchmark-java
java:java/weak-cryptographic-algorithm:3691,true_positive,crypto,owasp-benchmark-java
java:java/weak-cryptographic-algorithm:3692,true_positive,crypto,owasp-benchmark-java
java:java/weak-cryptographic-algorithm:3693,true_positive,crypto,owasp-benchmark-java
java:java/weak-cryptographic-algorithm:3694,true_positive,crypto,owasp-benchmark-java
java:java/weak-cryptographic-algorithm:3695,true_positive,crypto,owasp-benchmark-java
java:java/weak-cryptographic-algorithm:3696,true_positive,crypto,owasp-benchmark-java
java:java/weak-cryptographic-algorithm:3697,true_positive,crypto,owasp-benchmark-java
java:java/weak-cryptographic-algorithm:3698,true_positive,crypto,owasp-benchmark-java
java:java/weak-cryptographic-algorithm:3699,true_positive,crypto,owasp-benchmark-java
java:java/weak-cryptographic-algorithm:3700,true_positive,crypto,owasp-benchmark-java
java:java/weak-cryptographic-algorithm:3701,true_positive,crypto,owasp-benchmark-java
java:java/weak-cryptographic-algorithm:3702,true_positive,crypto,owasp-benchmark-java
java:java/weak-cryptographic-algorithm:3703,true_positive,crypto,owasp-benchmark-java
java:java/weak-cryptographic-algorithm:3704,true_positive,crypto,owasp-benchmark-java
java:java/weak-cryptographic-algorithm:3705,true_positive,crypto,owasp-benchmark-java
java:java/weak-cryptographic-algorithm:3706,true_positive,crypto,owasp-benchmark-java
java:java/weak-cryptographic-algorithm:3707,false_positive,crypto,owasp-benchmark-java
java:java/weak-cryptographic-algorithm:3708,false_positive,crypto,owasp-benchmark-java
java:java/weak-cryptographic-algorithm:3709,true_positive,crypto,owasp-benchmark-java
java:java/weak-cryptographic-algorithm:3710,true_positive,crypto,owasp-benchmark-java
java:java/weak-cryptographic-algorithm:3711,true_positive,crypto,owasp-benchmark-java
java:java/weak-cryptographic-algorithm:3712,true_positive,crypto,owasp-benchmark-java
java:java/weak-cryptographic-algorithm:3713,true_positive,crypto,owasp-benchmark-java
java:java/weak-cryptographic-algorithm:3714,true_positive,crypto,owasp-benchmark-java
java:java/weak-cryptographic-algorithm:3715,true_positive,crypto,owasp-benchmark-java
java:java/weak-cryptographic-algorithm:3716,true_positive,crypto,owasp-benchmark-java
java:java/weak-cryptographic-algorithm:3717,true_positive,crypto,owasp-benchmark-java
java:java/weak-cryptographic-algorithm:3718,true_positive,crypto,owasp-benchmark-java
java:java/weak-cryptographic-algorithm:3719,true_positive,crypto,owasp-benchmark-java
java:java/weak-cryptographic-algorithm:3720,true_positive,crypto,owasp-benchmark-java
java:java/weak-cryptographic-algorithm:3721,false_positive,crypto,owasp-benchmark-java
java:java/weak-cryptographic-algorithm:3722,true_positive,crypto,owasp-benchmark-java
java:java/weak-cryptographic-algorithm:3723,true_positive,crypto,owasp-benchmark-java
java:java/weak-cryptographic-algorithm:3724,true_positive,crypto,owasp-benchmark-java
java:java/weak-cryptographic-algorithm:3725,true_positive,crypto,owasp-benchmark-java
java:java/weak-cryptographic-algorithm:3726,true_positive,crypto,owasp-benchmark-java
java:java/weak-cryptographic-algorithm:3727,true_positive,crypto,owasp-benchmark-java
java:java/weak-cryptographic-algorithm:3728,false_positive,crypto,owasp-benchmark-java
java:java/weak-cryptographic-algorithm:3729,true_positive,crypto,owasp-benchmark-java
java:java/weak-cryptographic-algorithm:3730,true_positive,crypto,owasp-benchmark-java
java:java/weak-cryptographic-algorithm:3731,true_positive,crypto,owasp-benchmark-java
java:java/weak-cryptographic-algorithm:3732,true_positive,crypto,owasp-benchmark-java
java:java/weak-cryptographic-algorithm:3733,true_positive,crypto,owasp-benchmark-java
java:java/weak-cryptographic-algorithm:3734,true_positive,crypto,owasp-benchmark-java
java:java/weak-cryptographic-algorithm:3735,true_positive,crypto,owasp-benchmark-java
java:java/weak-cryptographic-algorithm:3736,true_positive,crypto,owasp-benchmark-java
java:java/weak-cryptographic-algorithm:3737,true_positive,crypto,owasp-benchmark-java
java:java/weak-cryptographic-algorithm:3738,true_positive,crypto,owasp-benchmark-java
java:java/weak-cryptographic-algorithm:3739,true_positive,crypto,owasp-benchmark-java
java:java/weak-cryptographic-algorithm:3740,true_positive,crypto,owasp-benchmark-java
java:java/weak-cryptographic-algorithm:3741,true_positive,crypto,owasp-benchmark-java
java:java/weak-cryptographic-algorithm:3742,true_positive,crypto,owasp-benchmark-java
java:java/weak-cryptographic-algorithm:3743,true_positive,crypto,owasp-benchmark-java
java:java/weak-cryptographic-algorithm:3744,true_positive,crypto,owasp-benchmark-java
java:java/weak-cryptographic-algorithm:3745,true_positive,crypto,owasp-benchmark-java
java:java/weak-cryptographic-algorithm:3746,true_positive,crypto,owasp-benchmark-java
java:java/weak-cryptographic-algorithm:3747,true_positive,crypto,owasp-benchmark-java
java:java/weak-cryptographic-algorithm:3748,true_positive,crypto,owasp-benchmark-java
java:java/weak-cryptographic-algorithm:3749,false_positive,crypto,owasp-benchmark-java
java:java/weak-cryptographic-algorithm:3750,true_positive,crypto,owasp-benchmark-java
java:java/weak-cryptographic-algorithm:3751,true_positive,crypto,owasp-benchmark-java
java:java/weak-cryptographic-algorithm:3752,true_positive,crypto,owasp-benchmark-java
java:java/weak-cryptographic-algorithm:3753,true_positive,crypto,owasp-benchmark-java
java:java/weak-cryptographic-algorithm:3754,true_positive,crypto,owasp-benchmark-java
java:java/weak-cryptographic-algorithm:3755,true_positive,crypto,owasp-benchmark-java
java:java/weak-cryptographic-algorithm:3756,true_positive,crypto,owasp-benchmark-java
java:java/weak-cryptographic-algorithm:3757,true_positive,crypto,owasp-benchmark-java
java:java/weak-cryptographic-algorithm:3758,true_positive,crypto,owasp-benchmark-java
java:java/weak-cryptographic-algorithm:3759,true_positive,crypto,owasp-benchmark-java
java:java/weak-cryptographic-algorithm:3760,true_positive,crypto,owasp-benchmark-java
java:java/weak-cryptographic-algorithm:3761,true_positive,crypto,owasp-benchmark-java
java:java/weak-cryptographic-algorithm:3762,true_positive,crypto,owasp-benchmark-java
java:java/weak-cryptographic-algorithm:3763,true_positive,crypto,owasp-benchmark-java
java:java/weak-cryptographic-algorithm:3764,false_positive,crypto,owasp-benchmark-java
java:java/weak-cryptographic-algorithm:3765,true_positive,crypto,owasp-benchmark-java
java:java/weak-cryptographic-algorithm:3766,true_positive,crypto,owasp-benchmark-java
java:java/weak-cryptographic-algorithm:3767,true_positive,crypto,owasp-benchmark-java
java:java/weak-cryptographic-algorithm:3768,true_positive,crypto,owasp-benchmark-java
java:java/weak-cryptographic-algorithm:3769,true_positive,crypto,owasp-benchmark-java
java:java/weak-cryptographic-algorithm:3770,true_positive,crypto,owasp-benchmark-java
java:java/weak-cryptographic-algorithm:3771,true_positive,crypto,owasp-benchmark-java
java:java/weak-cryptographic-algorithm:3772,true_positive,crypto,owasp-benchmark-java
java:java/weak-cryptographic-algorithm:3773,true_positive,crypto,owasp-benchmark-java
java:java/weak-cryptographic-algorithm:3774,true_positive,crypto,owasp-benchmark-java
java:java/weak-cryptographic-algorithm:3775,true_positive,crypto,owasp-benchmark-java
java:java/weak-cryptographic-algorithm:3776,true_positive,crypto,owasp-benchmark-java
java:java/weak-cryptographic-algorithm:3777,true_positive,crypto,owasp-benchmark-java
java:java/weak-cryptographic-algorithm:3778,true_positive,crypto,owasp-benchmark-java
java:java/weak-cryptographic-algorithm:3779,true_positive,crypto,owasp-benchmark-java
java:java/weak-cryptographic-algorithm:3780,true_positive,crypto,owasp-benchmark-java
java:java/weak-cryptographic-algorithm:3781,true_positive,crypto,owasp-benchmark-java
java:java/weak-cryptographic-algorithm:3782,true_positive,crypto,owasp-benchmark-java
java:java/weak-cryptographic-algorithm:3783,true_positive,crypto,owasp-benchmark-java
java:java/weak-cryptographic-algorithm:3784,true_positive,crypto,owasp-benchmark-java
java:java/weak-cryptographic-algorithm:3785,true_positive,crypto,owasp-benchmark-java
java:java/weak-cryptographic-algorithm:3786,true_positive,crypto,owasp-benchmark-java
java:java/weak-cryptographic-algorithm:3787,true_positive,crypto,owasp-benchmark-java
java:java/weak-cryptographic-algorithm:3788,true_positive,crypto,owasp-benchmark-java
java:java/weak-cryptographic-algorithm:3789,true_positive,crypto,owasp-benchmark-java
java:java/weak-cryptographic-algorithm:3790,true_positive,crypto,owasp-benchmark-java
java:java/weak-cryptographic-algorithm:3791,true_positive,crypto,owasp-benchmark-java
java:java/weak-cryptographic-algorithm:3792,true_positive,crypto,owasp-benchmark-java
java:java/weak-cryptographic-algorithm:3793,true_positive,crypto,owasp-benchmark-java
java:java/weak-cryptographic-algorithm:3794,true_positive,crypto,owasp-benchmark-java
java:java/weak-cryptographic-algorithm:3795,true_positive,crypto,owasp-benchmark-java
java:java/weak-cryptographic-algorithm:3796,true_positive,crypto,owasp-benchmark-java
java:java/weak-cryptographic-algorithm:3797,false_positive,crypto,owasp-benchmark-java
java:java/weak-cryptographic-algorithm:3798,true_positive,crypto,owasp-benchmark-java
java:java/weak-cryptographic-algorithm:3799,true_positive,crypto,owasp-benchmark-java
java:java/weak-cryptographic-algorithm:3800,true_positive,crypto,owasp-benchmark-java
java:java/weak-cryptographic-algorithm:3801,true_positive,crypto,owasp-benchmark-java
java:java/weak-cryptographic-algorithm:3802,true_positive,crypto,owasp-benchmark-java
java:java/weak-cryptographic-algorithm:3803,true_positive,crypto,owasp-benchmark-java
java:java/weak-cryptographic-algorithm:3804,false_positive,crypto,owasp-benchmark-java
java:java/weak-cryptographic-algorithm:3805,true_positive,crypto,owasp-benchmark-java
java:java/weak-cryptographic-algorithm:3806,true_positive,crypto,owasp-benchmark-java
java:java/weak-cryptographic-algorithm:3807,true_positive,crypto,owasp-benchmark-java
java:java/weak-cryptographic-algorithm:3808,true_positive,crypto,owasp-benchmark-java
java:java/weak-cryptographic-algorithm:3809,true_positive,crypto,owasp-benchmark-java
java:java/weak-cryptographic-algorithm:3810,true_positive,crypto,owasp-benchmark-java
java:java/weak-cryptographic-algorithm:3811,true_positive,crypto,owasp-benchmark-java
java:java/weak-cryptographic-algorithm:3812,true_positive,crypto,owasp-benchmark-java
java:java/weak-cryptographic-algorithm:3813,true_positive,crypto,owasp-benchmark-java
java:java/weak-cryptographic-algorithm:3814,true_positive,crypto,owasp-benchmark-java
java:java/weak-cryptographic-algorithm:3815,true_positive,crypto,owasp-benchmark-java
java:java/weak-cryptographic-algorithm:3816,true_positive,crypto,owasp-benchmark-java
java:java/weak-cryptographic-algorithm:3817,false_positive,crypto,owasp-benchmark-java
java:java/weak-cryptographic-algorithm:3818,true_positive,crypto,owasp-benchmark-java
java:java/weak-cryptographic-algorithm:3819,true_positive,crypto,owasp-benchmark-java
java:java/weak-cryptographic-algorithm:3820,false_positive,crypto,owasp-benchmark-java
java:java/weak-cryptographic-algorithm:3821,true_positive,crypto,owasp-benchmark-java
java:java/weak-cryptographic-algorithm:3822,true_positive,crypto,owasp-benchmark-java
java:java/weak-cryptographic-algorithm:3823,true_positive,crypto,owasp-benchmark-java
java:java/weak-cryptographic-algorithm:3824,true_positive,crypto,owasp-benchmark-java
java:java/weak-cryptographic-algorithm:3825,true_positive,crypto,owasp-benchmark-java
java:java/weak-cryptographic-algorithm:3826,true_positive,crypto,owasp-benchmark-java
java:java/weak-cryptographic-algorithm:3827,true_positive,crypto,owasp-benchmark-java
java:java/weak-cryptographic-algorithm:3828,true_positive,crypto,owasp-benchmark-java
java:java/weak-cryptographic-algorithm:3829,true_positive,crypto,owasp-benchmark-java
java:java/weak-cryptographic-algorithm:3830,true_positive,crypto,owasp-benchmark-java
java:java/weak-cryptographic-algorithm:3831,true_positive,crypto,owasp-benchmark-java
java:java/weak-cryptographic-algorithm:3832,true_positive,crypto,owasp-benchmark-java
java:java/weak-cryptographic-algorithm:3833,true_positive,crypto,owasp-benchmark-java
java:java/weak-cryptographic-algorithm:3834,true_positive,crypto,owasp-benchmark-java
java:java/weak-cryptographic-algorithm:3835,true_positive,crypto,owasp-benchmark-java
java:java/weak-cryptographic-algorithm:3836,true_positive,crypto,owasp-benchmark-java
java:java/weak-cryptographic-algorithm:3837,true_positive,crypto,owasp-benchmark-java
java:java/weak-cryptographic-algorithm:3838,true_positive,crypto,owasp-benchmark-java
java:java/weak-cryptographic-algorithm:3839,true_positive,crypto,owasp-benchmark-java
java:java/weak-cryptographic-algorithm:3840,true_positive,crypto,owasp-benchmark-java
java:java/weak-cryptographic-algorithm:3841,false_positive,crypto,owasp-benchmark-java
java:java/weak-cryptographic-algorithm:3842,false_positive,crypto,owasp-benchmark-java
java:java/weak-cryptographic-algorithm:3843,false_positive,crypto,owasp-benchmark-java
java:java/weak-cryptographic-algorithm:3844,true_positive,crypto,owasp-benchmark-java
java:java/weak-cryptographic-algorithm:3845,true_positive,crypto,owasp-benchmark-java
java:java/weak-cryptographic-algorithm:3846,true_positive,crypto,owasp-benchmark-java
java:java/weak-cryptographic-algorithm:3847,true_positive,crypto,owasp-benchmark-java
java:java/weak-cryptographic-algorithm:3848,true_positive,crypto,owasp-benchmark-java
java:java/weak-cryptographic-algorithm:3849,true_positive,crypto,owasp-benchmark-java
java:java/weak-cryptographic-algorithm:3850,true_positive,crypto,owasp-benchmark-java
java:java/weak-cryptographic-algorithm:3851,true_positive,crypto,owasp-benchmark-java
java:java/weak-cryptographic-algorithm:3852,true_positive,crypto,owasp-benchmark-java
java:java/weak-cryptographic-algorithm:3853,true_positive,crypto,owasp-benchmark-java
java:java/weak-cryptographic-algorithm:3854,true_positive,crypto,owasp-benchmark-java
java:java/weak-cryptographic-algorithm:3855,true_positive,crypto,owasp-benchmark-java
java:java/weak-cryptographic-algorithm:3856,true_positive,crypto,owasp-benchmark-java
java:java/weak-cryptographic-algorithm:3857,true_positive,crypto,owasp-benchmark-java
java:java/weak-cryptographic-algorithm:3858,false_positive,crypto,owasp-benchmark-java
java:java/weak-cryptographic-algorithm:3859,true_positive,crypto,owasp-benchmark-java
java:java/weak-cryptographic-algorithm:3860,true_positive,crypto,owasp-benchmark-java
java:java/weak-cryptographic-algorithm:3861,true_positive,crypto,owasp-benchmark-java
java:java/weak-cryptographic-algorithm:3862,true_positive,crypto,owasp-benchmark-java
java:java/weak-cryptographic-algorithm:3863,true_positive,crypto,owasp-benchmark-java
java:java/weak-cryptographic-algorithm:3864,true_positive,crypto,owasp-benchmark-java
java:java/weak-cryptographic-algorithm:3865,true_positive,crypto,owasp-benchmark-java
java:java/weak-cryptographic-algorithm:3866,true_positive,crypto,owasp-benchmark-java
java:java/insecure-randomness:3867,true_positive,weakrand,owasp-benchmark-java
java:java/insecure-randomness:3868,true_positive,weakrand,owasp-benchmark-java
java:java/insecure-randomness:3869,true_positive,weakrand,owasp-benchmark-java
java:java/insecure-randomness:3870,true_positive,weakrand,owasp-benchmark-java
java:java/insecure-randomness:3871,true_positive,weakrand,owasp-benchmark-java
java:java/insecure-randomness:3872,true_positive,weakrand,owasp-benchmark-java
java:java/insecure-randomness:3873,true_positive,weakrand,owasp-benchmark-java
java:java/insecure-randomness:3874,true_positive,weakrand,owasp-benchmark-java
java:java/insecure-randomness:3875,true_positive,weakrand,owasp-benchmark-java
java:java/insecure-randomness:3876,true_positive,weakrand,owasp-benchmark-java
java:java/insecure-randomness:3877,true_positive,weakrand,owasp-benchmark-java
java:java/insecure-randomness:3878,true_positive,weakrand,owasp-benchmark-java
java:java/insecure-randomness:3879,true_positive,weakrand,owasp-benchmark-java
java:java/insecure-randomness:3880,true_positive,weakrand,owasp-benchmark-java
java:java/insecure-randomness:3881,true_positive,weakrand,owasp-benchmark-java
java:java/insecure-randomness:3882,true_positive,weakrand,owasp-benchmark-java
java:java/insecure-randomness:3883,true_positive,weakrand,owasp-benchmark-java
java:java/insecure-randomness:3884,true_positive,weakrand,owasp-benchmark-java
java:java/insecure-randomness:3885,true_positive,weakrand,owasp-benchmark-java
java:java/insecure-randomness:3886,true_positive,weakrand,owasp-benchmark-java
java:java/insecure-randomness:3887,true_positive,weakrand,owasp-benchmark-java
java:java/insecure-randomness:3888,true_positive,weakrand,owasp-benchmark-java
java:java/insecure-randomness:3889,true_positive,weakrand,owasp-benchmark-java
java:java/insecure-randomness:3890,true_positive,weakrand,owasp-benchmark-java
java:java/insecure-randomness:3891,true_positive,weakrand,owasp-benchmark-java
java:java/insecure-randomness:3892,true_positive,weakrand,owasp-benchmark-java
java:java/insecure-randomness:3893,true_positive,weakrand,owasp-benchmark-java
java:java/insecure-randomness:3894,true_positive,weakrand,owasp-benchmark-java
java:java/insecure-randomness:3895,true_positive,weakrand,owasp-benchmark-java
java:java/insecure-randomness:3896,true_positive,weakrand,owasp-benchmark-java
java:java/insecure-randomness:3897,true_positive,weakrand,owasp-benchmark-java
java:java/insecure-randomness:3898,true_positive,weakrand,owasp-benchmark-java
java:java/insecure-randomness:3899,true_positive,weakrand,owasp-benchmark-java
java:java/insecure-randomness:3900,true_positive,weakrand,owasp-benchmark-java
java:java/insecure-randomness:3901,true_positive,weakrand,owasp-benchmark-java
java:java/insecure-randomness:3902,true_positive,weakrand,owasp-benchmark-java
java:java/insecure-randomness:3903,true_positive,weakrand,owasp-benchmark-java
java:java/insecure-randomness:3904,true_positive,weakrand,owasp-benchmark-java
java:java/insecure-randomness:3905,true_positive,weakrand,owasp-benchmark-java
java:java/insecure-randomness:3906,true_positive,weakrand,owasp-benchmark-java
java:java/insecure-randomness:3907,true_positive,weakrand,owasp-benchmark-java
java:java/insecure-randomness:3908,true_positive,weakrand,owasp-benchmark-java
java:java/insecure-randomness:3909,true_positive,weakrand,owasp-benchmark-java
java:java/insecure-randomness:3910,true_positive,weakrand,owasp-benchmark-java
java:java/insecure-randomness:3911,true_positive,weakrand,owasp-benchmark-java
java:java/insecure-randomness:3912,true_positive,weakrand,owasp-benchmark-java
java:java/insecure-randomness:3913,true_positive,weakrand,owasp-benchmark-java
java:java/insecure-randomness:3914,true_positive,weakrand,owasp-benchmark-java
java:java/insecure-randomness:3915,true_positive,weakrand,owasp-benchmark-java
java:java/insecure-randomness:3916,true_positive,weakrand,owasp-benchmark-java
java:java/insecure-randomness:3917,true_positive,weakrand,owasp-benchmark-java
java:java/insecure-randomness:3918,true_positive,weakrand,owasp-benchmark-java
java:java/insecure-randomness:3919,true_positive,weakrand,owasp-benchmark-java
java:java/insecure-randomness:3920,true_positive,weakrand,owasp-benchmark-java
java:java/insecure-randomness:3921,true_positive,weakrand,owasp-benchmark-java
java:java/insecure-randomness:3922,true_positive,weakrand,owasp-benchmark-java
java:java/insecure-randomness:3923,true_positive,weakrand,owasp-benchmark-java
java:java/insecure-randomness:3924,true_positive,weakrand,owasp-benchmark-java
java:java/insecure-randomness:3925,true_positive,weakrand,owasp-benchmark-java
java:java/insecure-randomness:3926,true_positive,weakrand,owasp-benchmark-java
java:java/insecure-randomness:3927,true_positive,weakrand,owasp-benchmark-java
java:java/insecure-randomness:3928,true_positive,weakrand,owasp-benchmark-java
java:java/insecure-randomness:3929,true_positive,weakrand,owasp-benchmark-java
java:java/insecure-randomness:3930,true_positive,weakrand,owasp-benchmark-java
java:java/insecure-randomness:3931,true_positive,weakrand,owasp-benchmark-java
java:java/insecure-randomness:3932,true_positive,weakrand,owasp-benchmark-java
java:java/insecure-randomness:3933,true_positive,weakrand,owasp-benchmark-java
java:java/insecure-randomness:3934,true_positive,weakrand,owasp-benchmark-java
java:java/insecure-randomness:3935,true_positive,weakrand,owasp-benchmark-java
java:java/insecure-randomness:3936,true_positive,weakrand,owasp-benchmark-java
java:java/insecure-randomness:3937,true_positive,weakrand,owasp-benchmark-java
java:java/insecure-randomness:3938,true_positive,weakrand,owasp-benchmark-java
java:java/insecure-randomness:3939,true_positive,weakrand,owasp-benchmark-java
java:java/insecure-randomness:3940,true_positive,weakrand,owasp-benchmark-java
java:java/insecure-randomness:3941,true_positive,weakrand,owasp-benchmark-java
java:java/insecure-randomness:3942,true_positive,weakrand,owasp-benchmark-java
java:java/insecure-randomness:3943,true_positive,weakrand,owasp-benchmark-java
java:java/insecure-randomness:3944,true_positive,weakrand,owasp-benchmark-java
java:java/insecure-randomness:3945,true_positive,weakrand,owasp-benchmark-java
java:java/insecure-randomness:3946,true_positive,weakrand,owasp-benchmark-java
java:java/insecure-randomness:3947,true_positive,weakrand,owasp-benchmark-java
java:java/insecure-randomness:3948,true_positive,weakrand,owasp-benchmark-java
java:java/insecure-randomness:3949,true_positive,weakrand,owasp-benchmark-java
java:java/insecure-randomness:3950,true_positive,weakrand,owasp-benchmark-java
java:java/insecure-randomness:3951,true_positive,weakrand,owasp-benchmark-java
java:java/insecure-randomness:3952,true_positive,weakrand,owasp-benchmark-java
java:java/insecure-randomness:3953,true_positive,weakrand,owasp-benchmark-java
java:java/insecure-randomness:3954,true_positive,weakrand,owasp-benchmark-java
java:java/insecure-randomness:3955,true_positive,weakrand,owasp-benchmark-java
java:java/insecure-randomness:3956,true_positive,weakrand,owasp-benchmark-java
java:java/insecure-randomness:3957,true_positive,weakrand,owasp-benchmark-java
java:java/insecure-randomness:3958,true_positive,weakrand,owasp-benchmark-java
java:java/insecure-randomness:3959,true_positive,weakrand,owasp-benchmark-java
java:java/insecure-randomness:3960,true_positive,weakrand,owasp-benchmark-java
java:java/insecure-randomness:3961,true_positive,weakrand,owasp-benchmark-java
java:java/insecure-randomness:3962,true_positive,weakrand,owasp-benchmark-java
java:java/insecure-randomness:3963,true_positive,weakrand,owasp-benchmark-java
java:java/insecure-randomness:3964,true_positive,weakrand,owasp-benchmark-java
java:java/insecure-randomness:3965,true_positive,weakrand,owasp-benchmark-java
java:java/insecure-randomness:3966,true_positive,weakrand,owasp-benchmark-java
java:java/insecure-randomness:3967,true_positive,weakrand,owasp-benchmark-java
java:java/insecure-randomness:3968,true_positive,weakrand,owasp-benchmark-java
java:java/insecure-randomness:3969,true_positive,weakrand,owasp-benchmark-java
java:java/insecure-randomness:3970,true_positive,weakrand,owasp-benchmark-java
java:java/insecure-randomness:3971,true_positive,weakrand,owasp-benchmark-java
java:java/insecure-randomness:3972,true_positive,weakrand,owasp-benchmark-java
java:java/insecure-randomness:3973,true_positive,weakrand,owasp-benchmark-java
java:java/insecure-randomness:3974,true_positive,weakrand,owasp-benchmark-java
java:java/insecure-randomness:3975,true_positive,weakrand,owasp-benchmark-java
java:java/insecure-randomness:3976,true_positive,weakrand,owasp-benchmark-java
java:java/insecure-randomness:3977,true_positive,weakrand,owasp-benchmark-java
java:java/insecure-randomness:3978,true_positive,weakrand,owasp-benchmark-java
java:java/insecure-randomness:3979,true_positive,weakrand,owasp-benchmark-java
java:java/insecure-randomness:3980,true_positive,weakrand,owasp-benchmark-java
java:java/insecure-randomness:3981,true_positive,weakrand,owasp-benchmark-java
java:java/insecure-randomness:3982,true_positive,weakrand,owasp-benchmark-java
java:java/insecure-randomness:3983,true_positive,weakrand,owasp-benchmark-java
java:java/insecure-randomness:3984,true_positive,weakrand,owasp-benchmark-java
java:java/insecure-randomness:3985,true_positive,weakrand,owasp-benchmark-java
java:java/insecure-randomness:3986,true_positive,weakrand,owasp-benchmark-java
java:java/insecure-randomness:3987,true_positive,weakrand,owasp-benchmark-java
java:java/insecure-randomness:3988,true_positive,weakrand,owasp-benchmark-java
java:java/insecure-randomness:3989,true_positive,weakrand,owasp-benchmark-java
java:java/insecure-randomness:3990,true_positive,weakrand,owasp-benchmark-java
java:java/insecure-randomness:3991,true_positive,weakrand,owasp-benchmark-java
java:java/insecure-randomness:3992,true_positive,weakrand,owasp-benchmark-java
java:java/insecure-randomness:3993,true_positive,weakrand,owasp-benchmark-java
java:java/insecure-randomness:3994,true_positive,weakrand,owasp-benchmark-java
java:java/insecure-randomness:3995,true_positive,weakrand,owasp-benchmark-java
java:java/insecure-randomness:3996,true_positive,weakrand,owasp-benchmark-java
java:java/insecure-randomness:3997,true_positive,weakrand,owasp-benchmark-java
java:java/insecure-randomness:3998,true_positive,weakrand,owasp-benchmark-java
java:java/insecure-randomness:3999,true_positive,weakrand,owasp-benchmark-java
java:java/insecure-randomness:4000,true_positive,weakrand,owasp-benchmark-java
java:java/insecure-randomness:4001,true_positive,weakrand,owasp-benchmark-java
java:java/insecure-randomness:4002,true_positive,weakrand,owasp-benchmark-java
java:java/insecure-randomness:4003,true_positive,weakrand,owasp-benchmark-java
java:java/insecure-randomness:4004,true_positive,weakrand,owasp-benchmark-java
java:java/insecure-randomness:4005,true_positive,weakrand,owasp-benchmark-java
java:java/insecure-randomness:4006,true_positive,weakrand,owasp-benchmark-java
java:java/insecure-randomness:4007,true_positive,weakrand,owasp-benchmark-java
java:java/insecure-randomness:4008,true_positive,weakrand,owasp-benchmark-java
java:java/insecure-randomness:4009,true_positive,weakrand,owasp-benchmark-java
java:java/insecure-randomness:4010,true_positive,weakrand,owasp-benchmark-java
java:java/insecure-randomness:4011,true_positive,weakrand,owasp-benchmark-java
java:java/insecure-randomness:4012,true_positive,weakrand,owasp-benchmark-java
java:java/insecure-randomness:4013,true_positive,weakrand,owasp-benchmark-java
java:java/insecure-randomness:4014,true_positive,weakrand,owasp-benchmark-java
java:java/insecure-randomness:4015,true_positive,weakrand,owasp-benchmark-java
java:java/insecure-randomness:4016,true_positive,weakrand,owasp-benchmark-java
java:java/insecure-randomness:4017,true_positive,weakrand,owasp-benchmark-java
java:java/insecure-randomness:4018,true_positive,weakrand,owasp-benchmark-java
java:java/insecure-randomness:4019,true_positive,weakrand,owasp-benchmark-java
java:java/insecure-randomness:4020,true_positive,weakrand,owasp-benchmark-java
java:java/insecure-randomness:4021,true_positive,weakrand,owasp-benchmark-java
java:java/insecure-randomness:4022,true_positive,weakrand,owasp-benchmark-java
java:java/insecure-randomness:4023,true_positive,weakrand,owasp-benchmark-java
java:java/insecure-randomness:4024,true_positive,weakrand,owasp-benchmark-java
java:java/insecure-randomness:4025,true_positive,weakrand,owasp-benchmark-java
java:java/insecure-randomness:4026,true_positive,weakrand,owasp-benchmark-java
java:java/insecure-randomness:4027,true_positive,weakrand,owasp-benchmark-java
java:java/insecure-randomness:4028,true_positive,weakrand,owasp-benchmark-java
java:java/insecure-randomness:4029,true_positive,weakrand,owasp-benchmark-java
java:java/insecure-randomness:4030,true_positive,weakrand,owasp-benchmark-java
java:java/insecure-randomness:4031,true_positive,weakrand,owasp-benchmark-java
java:java/insecure-randomness:4032,true_positive,weakrand,owasp-benchmark-java
java:java/insecure-randomness:4033,true_positive,weakrand,owasp-benchmark-java
java:java/insecure-randomness:4034,true_positive,weakrand,owasp-benchmark-java
java:java/insecure-randomness:4035,true_positive,weakrand,owasp-benchmark-java
java:java/insecure-randomness:4036,true_positive,weakrand,owasp-benchmark-java
java:java/insecure-randomness:4037,true_positive,weakrand,owasp-benchmark-java
java:java/insecure-randomness:4038,true_positive,weakrand,owasp-benchmark-java
java:java/insecure-randomness:4039,true_positive,weakrand,owasp-benchmark-java
java:java/insecure-randomness:4040,true_positive,weakrand,owasp-benchmark-java
java:java/insecure-randomness:4041,true_positive,weakrand,owasp-benchmark-java
java:java/insecure-randomness:4042,true_positive,weakrand,owasp-benchmark-java
java:java/insecure-randomness:4043,true_positive,weakrand,owasp-benchmark-java
java:java/insecure-randomness:4044,true_positive,weakrand,owasp-benchmark-java
java:java/insecure-randomness:4045,true_positive,weakrand,owasp-benchmark-java
java:java/insecure-randomness:4046,true_positive,weakrand,owasp-benchmark-java
java:java/insecure-randomness:4047,true_positive,weakrand,owasp-benchmark-java
java:java/insecure-randomness:4048,true_positive,weakrand,owasp-benchmark-java
java:java/insecure-randomness:4049,true_positive,weakrand,owasp-benchmark-java
java:java/insecure-randomness:4050,true_positive,weakrand,owasp-benchmark-java
java:java/insecure-randomness:4051,true_positive,weakrand,owasp-benchmark-java
java:java/insecure-randomness:4052,true_positive,weakrand,owasp-benchmark-java
java:java/insecure-randomness:4053,true_positive,weakrand,owasp-benchmark-java
java:java/insecure-randomness:4054,true_positive,weakrand,owasp-benchmark-java
java:java/insecure-randomness:4055,true_positive,weakrand,owasp-benchmark-java
java:java/insecure-randomness:4056,true_positive,weakrand,owasp-benchmark-java
java:java/insecure-randomness:4057,true_positive,weakrand,owasp-benchmark-java
java:java/insecure-randomness:4058,true_positive,weakrand,owasp-benchmark-java
java:java/insecure-randomness:4059,true_positive,weakrand,owasp-benchmark-java
java:java/insecure-randomness:4060,true_positive,weakrand,owasp-benchmark-java
java:java/insecure-randomness:4061,true_positive,weakrand,owasp-benchmark-java
java:java/insecure-randomness:4062,true_positive,weakrand,owasp-benchmark-java
java:java/insecure-randomness:4063,true_positive,weakrand,owasp-benchmark-java
java:java/insecure-randomness:4064,true_positive,weakrand,owasp-benchmark-java
java:java/insecure-randomness:4065,true_positive,weakrand,owasp-benchmark-java
java:java/insecure-randomness:4066,true_positive,weakrand,owasp-benchmark-java
java:java/insecure-randomness:4067,true_positive,weakrand,owasp-benchmark-java
java:java/insecure-randomness:4068,true_positive,weakrand,owasp-benchmark-java
java:java/insecure-randomness:4069,true_positive,weakrand,owasp-benchmark-java
java:java/insecure-randomness:4070,true_positive,weakrand,owasp-benchmark-java
java:java/insecure-randomness:4071,true_positive,weakrand,owasp-benchmark-java
java:java/insecure-randomness:4072,true_positive,weakrand,owasp-benchmark-java
java:java/insecure-randomness:4073,true_positive,weakrand,owasp-benchmark-java
java:java/insecure-randomness:4074,true_positive,weakrand,owasp-benchmark-java
java:java/insecure-randomness:4075,true_positive,weakrand,owasp-benchmark-java
java:java/insecure-randomness:4076,true_positive,weakrand,owasp-benchmark-java
java:java/insecure-randomness:4077,true_positive,weakrand,owasp-benchmark-java
java:java/insecure-randomness:4078,true_positive,weakrand,owasp-benchmark-java
java:java/insecure-randomness:4079,true_positive,weakrand,owasp-benchmark-java
java:java/insecure-randomness:4080,true_positive,weakrand,owasp-benchmark-java
java:java/insecure-randomness:4081,true_positive,weakrand,owasp-benchmark-java
java:java/insecure-randomness:4082,true_positive,weakrand,owasp-benchmark-java
java:java/insecure-randomness:4083,true_positive,weakrand,owasp-benchmark-java
java:java/insecure-randomness:4084,true_positive,weakrand,owasp-benchmark-java
java:java/insecure-cookie:4085,true_positive,securecookie,owasp-benchmark-java
java:java/insecure-cookie:4086,true_positive,securecookie,owasp-benchmark-java
java:java/insecure-cookie:4087,true_positive,securecookie,owasp-benchmark-java
java:java/insecure-cookie:4088,true_positive,securecookie,owasp-benchmark-java
java:java/insecure-cookie:4089,true_positive,securecookie,owasp-benchmark-java
java:java/insecure-cookie:4090,true_positive,securecookie,owasp-benchmark-java
java:java/insecure-cookie:4091,true_positive,securecookie,owasp-benchmark-java
java:java/insecure-cookie:4092,true_positive,securecookie,owasp-benchmark-java
java:java/insecure-cookie:4093,true_positive,securecookie,owasp-benchmark-java
java:java/insecure-cookie:4094,true_positive,securecookie,owasp-benchmark-java
java:java/insecure-cookie:4095,true_positive,securecookie,owasp-benchmark-java
java:java/insecure-cookie:4096,true_positive,securecookie,owasp-benchmark-java
java:java/insecure-cookie:4097,true_positive,securecookie,owasp-benchmark-java
java:java/insecure-cookie:4098,true_positive,securecookie,owasp-benchmark-java
java:java/insecure-cookie:4099,true_positive,securecookie,owasp-benchmark-java
java:java/insecure-cookie:4100,true_positive,securecookie,owasp-benchmark-java
java:java/insecure-cookie:4101,true_positive,securecookie,owasp-benchmark-java
java:java/insecure-cookie:4102,true_positive,securecookie,owasp-benchmark-java
java:java/insecure-cookie:4103,true_positive,securecookie,owasp-benchmark-java
java:java/insecure-cookie:4104,true_positive,securecookie,owasp-benchmark-java
java:java/insecure-cookie:4105,true_positive,securecookie,owasp-benchmark-java
java:java/insecure-cookie:4106,true_positive,securecookie,owasp-benchmark-java
java:java/insecure-cookie:4107,true_positive,securecookie,owasp-benchmark-java
java:java/insecure-cookie:4108,true_positive,securecookie,owasp-benchmark-java
java:java/insecure-cookie:4109,true_positive,securecookie,owasp-benchmark-java
java:java/insecure-cookie:4110,true_positive,securecookie,owasp-benchmark-java
java:java/insecure-cookie:4111,true_positive,securecookie,owasp-benchmark-java
java:java/insecure-cookie:4112,true_positive,securecookie,owasp-benchmark-java
java:java/insecure-cookie:4113,true_positive,securecookie,owasp-benchmark-java
java:java/insecure-cookie:4114,true_positive,securecookie,owasp-benchmark-java
java:java/insecure-cookie:4115,true_positive,securecookie,owasp-benchmark-java
java:java/insecure-cookie:4116,true_positive,securecookie,owasp-benchmark-java
java:java/insecure-cookie:4117,true_positive,securecookie,owasp-benchmark-java
java:java/insecure-cookie:4118,true_positive,securecookie,owasp-benchmark-java
java:java/insecure-cookie:4119,true_positive,securecookie,owasp-benchmark-java
java:java/insecure-cookie:4120,true_positive,securecookie,owasp-benchmark-java
java:java/xml/xpath-injection:4121,false_positive,xpathi,owasp-benchmark-java
java:java/xml/xpath-injection:4122,true_positive,xpathi,owasp-benchmark-java
java:java/xml/xpath-injection:4123,true_positive,xpathi,owasp-benchmark-java
java:java/xml/xpath-injection:4124,true_positive,xpathi,owasp-benchmark-java
java:java/xml/xpath-injection:4125,false_positive,xpathi,owasp-benchmark-java
java:java/xml/xpath-injection:4126,false_positive,xpathi,owasp-benchmark-java
java:java/xml/xpath-injection:4127,true_positive,xpathi,owasp-benchmark-java
java:java/xml/xpath-injection:4128,true_positive,xpathi,owasp-benchmark-java
java:java/xml/xpath-injection:4129,true_positive,xpathi,owasp-benchmark-java
java:java/xml/xpath-injection:4130,true_positive,xpathi,owasp-benchmark-java
java:java/xml/xpath-injection:4131,true_positive,xpathi,owasp-benchmark-java
java:java/xml/xpath-injection:4132,false_positive,xpathi,owasp-benchmark-java
java:java/xml/xpath-injection:4133,false_positive,xpathi,owasp-benchmark-java
java:java/xml/xpath-injection:4134,true_positive,xpathi,owasp-benchmark-java
java:java/xml/xpath-injection:4135,true_positive,xpathi,owasp-benchmark-java
java:java/xml/xpath-injection:4136,true_positive,xpathi,owasp-benchmark-java
java:java/xml/xpath-injection:4137,true_positive,xpathi,owasp-benchmark-java
java:java/xml/xpath-injection:4138,true_positive,xpathi,owasp-benchmark-java
java:java/xml/xpath-injection:4139,true_positive,xpathi,owasp-benchmark-java
java:java/xml/xpath-injection:4140,true_positive,xpathi,owasp-benchmark-java
java:java/xml/xpath-injection:4141,false_positive,xpathi,owasp-benchmark-java
java:java/xml/xpath-injection:4142,false_positive,xpathi,owasp-benchmark-java
